-- ========================
-- Mock Data for Beautiful Hair Database by DevOps team Group 7.
-- Comprehensive dataset with all tables fully populated.
-- ========================

-- ========================
-- USERS (106 total: 5 admins, 25 vendors, 76 clients)
-- ========================
INSERT INTO `users` (`user_id`, `name`, `email`, `role`, `phone`) VALUES
-- Admins (1-5)
(1, 'Ada Admin', 'ada.admin@example.com', 'admin', '555-0001'),
(2, 'Barry Admin', 'barry.admin@example.com', 'admin', '555-0002'),
(3, 'Charlie Admin', 'charlie.admin@example.com', 'admin', '555-0003'),
(4, 'Diana Admin', 'diana.admin@example.com', 'admin', '555-0004'),
(5, 'Edward Admin', 'edward.admin@example.com', 'admin', '555-0005'),
-- Vendors (6-30)
(6, 'Vicky Vendor', 'vicky.vendor@example.com', 'vendor', '212-555-6101'),
(7, 'Victor Vendor', 'victor.vendor@example.com', 'vendor', '718-555-6102'),
(8, 'Valerie Vendor', 'valerie.vendor@example.com', 'vendor', '212-555-6103'),
(9, 'Vincent Vendor', 'vincent.vendor@example.com', 'vendor', '718-555-6104'),
(10, 'Vanessa Vendor', 'vanessa.vendor@example.com', 'vendor', '212-555-6105'),
(11, 'Veronica Vendor', 'veronica.vendor@example.com', 'vendor', '917-555-6106'),
(12, 'Vincent Van Gogh', 'vincent.vangogh@example.com', 'vendor', '212-555-6107'),
(13, 'Victoria Vogue', 'victoria.vogue@example.com', 'vendor', '718-555-6108'),
(14, 'Vaughn Vinci', 'vaughn.vinci@example.com', 'vendor', '212-555-6109'),
(15, 'Valerie Vale', 'valerie.vale@example.com', 'vendor', '718-555-6110'),
(16, 'Vladimir Volkov', 'vladimir.volkov@example.com', 'vendor', '212-555-6111'),
(17, 'Vivian Verde', 'vivian.verde@example.com', 'vendor', '917-555-6112'),
(18, 'Vernon Vest', 'vernon.vest@example.com', 'vendor', '212-555-6113'),
(19, 'Valerie Vann', 'valerie.vann@example.com', 'vendor', '718-555-6114'),
(20, 'Viktor Voss', 'viktor.voss@example.com', 'vendor', '212-555-6115'),
(21, 'Velma Vega', 'velma.vega@example.com', 'vendor', '917-555-6116'),
(22, 'Vinton Vale', 'vinton.vale@example.com', 'vendor', '212-555-6117'),
(23, 'Viola Vroom', 'viola.vroom@example.com', 'vendor', '718-555-6118'),
(24, 'Vincent Valor', 'vincent.valor@example.com', 'vendor', '212-555-6119'),
(25, 'Venetia Vine', 'venetia.vine@example.com', 'vendor', '917-555-6120'),
(26, 'Vance Volt', 'vance.volt@example.com', 'vendor', '212-555-6121'),
(27, 'Vanilla Vex', 'vanilla.vex@example.com', 'vendor', '718-555-6122'),
(28, 'Vernon Vane', 'vernon.vane@example.com', 'vendor', '212-555-6123'),
(29, 'Vonda Valley', 'vonda.valley@example.com', 'vendor', '917-555-6124'),
(30, 'Vesper Vale', 'vesper.vale@example.com', 'vendor', '212-555-6125'),
-- Clients (31-106)
(31, 'Carl Client', 'carl.client@example.com', 'client', '212-555-1101'),
(32, 'Catherine Client', 'catherine.client@example.com', 'client', '718-555-1102'),
(33, 'Chris Client', 'chris.client@example.com', 'client', '212-555-1103'),
(34, 'Christina Client', 'christina.client@example.com', 'client', '718-555-1104'),
(35, 'Cody Client', 'cody.client@example.com', 'client', '212-555-1105'),
(36, 'Chelsea Client', 'chelsea.client@example.com', 'client', '718-555-1106'),
(37, 'Connor Client', 'connor.client@example.com', 'client', '212-555-1107'),
(38, 'Chloe Client', 'chloe.client@example.com', 'client', '718-555-1108'),
(39, 'Caleb Client', 'caleb.client@example.com', 'client', '212-555-1109'),
(40, 'Claire Client', 'claire.client@example.com', 'client', '718-555-1110'),
(41, 'Daniel Client', 'daniel.client@example.com', 'client', '212-555-1111'),
(42, 'Danielle Client', 'danielle.client@example.com', 'client', '718-555-1112'),
(43, 'Derek Client', 'derek.client@example.com', 'client', '212-555-1113'),
(44, 'Destiny Client', 'destiny.client@example.com', 'client', '718-555-1114'),
(45, 'Ethan Client', 'ethan.client@example.com', 'client', '212-555-1115'),
(46, 'Eva Client', 'eva.client@example.com', 'client', '718-555-1116'),
(47, 'Evan Client', 'evan.client@example.com', 'client', '212-555-1117'),
(48, 'Evelyn Client', 'evelyn.client@example.com', 'client', '718-555-1118'),
(49, 'Franklin Client', 'franklin.client@example.com', 'client', '212-555-1119'),
(50, 'Fiona Client', 'fiona.client@example.com', 'client', '718-555-1120'),
(51, 'George Client', 'george.client@example.com', 'client', '212-555-1121'),
(52, 'Grace Client', 'grace.client@example.com', 'client', '718-555-1122'),
(53, 'Gregory Client', 'gregory.client@example.com', 'client', '212-555-1123'),
(54, 'Gretchen Client', 'gretchen.client@example.com', 'client', '718-555-1124'),
(55, 'Gavin Client', 'gavin.client@example.com', 'client', '212-555-1125'),
(56, 'Giselle Client', 'giselle.client@example.com', 'client', '718-555-1126'),
(57, 'Gordon Client', 'gordon.client@example.com', 'client', '212-555-1127'),
(58, 'Gloria Client', 'gloria.client@example.com', 'client', '718-555-1128'),
(59, 'Gary Client', 'gary.client@example.com', 'client', '212-555-1129'),
(60, 'Gabrielle Client', 'gabrielle.client@example.com', 'client', '718-555-1130'),
(61, 'Henry Client', 'henry.client@example.com', 'client', '212-555-1131'),
(62, 'Hannah Client', 'hannah.client@example.com', 'client', '718-555-1132'),
(63, 'Harrison Client', 'harrison.client@example.com', 'client', '212-555-1133'),
(64, 'Helen Client', 'helen.client@example.com', 'client', '718-555-1134'),
(65, 'Howard Client', 'howard.client@example.com', 'client', '212-555-1135'),
(66, 'Heather Client', 'heather.client@example.com', 'client', '718-555-1136'),
(67, 'Hugo Client', 'hugo.client@example.com', 'client', '212-555-1137'),
(68, 'Holly Client', 'holly.client@example.com', 'client', '718-555-1138'),
(69, 'Hector Client', 'hector.client@example.com', 'client', '212-555-1139'),
(70, 'Helena Client', 'helena.client@example.com', 'client', '718-555-1140'),
(71, 'Isaac Client', 'isaac.client@example.com', 'client', '212-555-1141'),
(72, 'Isabella Client', 'isabella.client@example.com', 'client', '718-555-1142'),
(73, 'Ivan Client', 'ivan.client@example.com', 'client', '212-555-1143'),
(74, 'Iris Client', 'iris.client@example.com', 'client', '718-555-1144'),
(75, 'Igor Client', 'igor.client@example.com', 'client', '212-555-1145'),
(76, 'Ivy Client', 'ivy.client@example.com', 'client', '718-555-1146'),
(77, 'Irving Client', 'irving.client@example.com', 'client', '212-555-1147'),
(78, 'Isla Client', 'isla.client@example.com', 'client', '718-555-1148'),
(79, 'Ira Client', 'ira.client@example.com', 'client', '212-555-1149'),
(80, 'Ingrid Client', 'ingrid.client@example.com', 'client', '718-555-1150'),
(81, 'Jack Client', 'jack.client@example.com', 'client', '212-555-1151'),
(82, 'Jane Client', 'jane.client@example.com', 'client', '718-555-1152'),
(83, 'James Client', 'james.client@example.com', 'client', '212-555-1153'),
(84, 'Janet Client', 'janet.client@example.com', 'client', '718-555-1154'),
(85, 'Jerome Client', 'jerome.client@example.com', 'client', '212-555-1155'),
(86, 'Jennifer Client', 'jennifer.client@example.com', 'client', '718-555-1156'),
(87, 'Jasper Client', 'jasper.client@example.com', 'client', '212-555-1157'),
(88, 'Jessica Client', 'jessica.client@example.com', 'client', '718-555-1158'),
(89, 'Jerome Client Jr', 'jerome.jr.client@example.com', 'client', '212-555-1159'),
(90, 'Jill Client', 'jill.client@example.com', 'client', '718-555-1160'),
(91, 'Kevin Client', 'kevin.client@example.com', 'client', '212-555-1161'),
(92, 'Karen Client', 'karen.client@example.com', 'client', '718-555-1162'),
(93, 'Kyle Client', 'kyle.client@example.com', 'client', '212-555-1163'),
(94, 'Katherine Client', 'katherine.client@example.com', 'client', '718-555-1164'),
(95, 'Keith Client', 'keith.client@example.com', 'client', '212-555-1165'),
(96, 'Kayla Client', 'kayla.client@example.com', 'client', '718-555-1166'),
(97, 'Kurt Client', 'kurt.client@example.com', 'client', '212-555-1167'),
(98, 'Kimberly Client', 'kimberly.client@example.com', 'client', '718-555-1168'),
(99, 'Kenneth Client', 'kenneth.client@example.com', 'client', '212-555-1169'),
(100, 'Kelly Client', 'kelly.client@example.com', 'client', '718-555-1170'),
(101, 'Leonard Client', 'leonard.client@example.com', 'client', '212-555-1171'),
(102, 'Laura Client', 'laura.client@example.com', 'client', '718-555-1172'),
(103, 'Lawrence Client', 'lawrence.client@example.com', 'client', '212-555-1173'),
(104, 'Lucille Client', 'lucille.client@example.com', 'client', '718-555-1174'),
(105, 'Louis Client', 'louis.client@example.com', 'client', '212-555-1175'),
(106, 'Louise Client', 'louise.client@example.com', 'client', '718-555-1176'),
(107, 'Test Barber', 'barber@test.com', 'barber', '555-0123');

-- ========================
-- AUTH_ACCOUNTS (password_hash for all test users - password='manager')
-- Note: Using werkzeug pbkdf2 hashes for compatibility with Flask backend
-- ========================
INSERT INTO `auth_accounts` (`user_id`, `password_hash`) VALUES
(1, 'pbkdf2:sha256:1000000$UgZx6by3AVwWgXUS$af310ab2687823545d167744796399881e0e8dc7a5eec22f214001601b3bbb4b'),
(2, 'pbkdf2:sha256:1000000$UgZx6by3AVwWgXUS$af310ab2687823545d167744796399881e0e8dc7a5eec22f214001601b3bbb4b'),
(3, 'pbkdf2:sha256:1000000$UgZx6by3AVwWgXUS$af310ab2687823545d167744796399881e0e8dc7a5eec22f214001601b3bbb4b'),
(4, 'pbkdf2:sha256:1000000$UgZx6by3AVwWgXUS$af310ab2687823545d167744796399881e0e8dc7a5eec22f214001601b3bbb4b'),
(5, 'pbkdf2:sha256:1000000$UgZx6by3AVwWgXUS$af310ab2687823545d167744796399881e0e8dc7a5eec22f214001601b3bbb4b'),
(6, 'pbkdf2:sha256:1000000$UgZx6by3AVwWgXUS$af310ab2687823545d167744796399881e0e8dc7a5eec22f214001601b3bbb4b'),
(7, 'pbkdf2:sha256:1000000$UgZx6by3AVwWgXUS$af310ab2687823545d167744796399881e0e8dc7a5eec22f214001601b3bbb4b'),
(8, 'pbkdf2:sha256:1000000$UgZx6by3AVwWgXUS$af310ab2687823545d167744796399881e0e8dc7a5eec22f214001601b3bbb4b'),
(9, 'pbkdf2:sha256:1000000$UgZx6by3AVwWgXUS$af310ab2687823545d167744796399881e0e8dc7a5eec22f214001601b3bbb4b'),
(10, 'pbkdf2:sha256:1000000$UgZx6by3AVwWgXUS$af310ab2687823545d167744796399881e0e8dc7a5eec22f214001601b3bbb4b'),
(11, 'pbkdf2:sha256:1000000$UgZx6by3AVwWgXUS$af310ab2687823545d167744796399881e0e8dc7a5eec22f214001601b3bbb4b'),
(12, 'pbkdf2:sha256:1000000$UgZx6by3AVwWgXUS$af310ab2687823545d167744796399881e0e8dc7a5eec22f214001601b3bbb4b'),
(13, 'pbkdf2:sha256:1000000$UgZx6by3AVwWgXUS$af310ab2687823545d167744796399881e0e8dc7a5eec22f214001601b3bbb4b'),
(14, 'pbkdf2:sha256:1000000$UgZx6by3AVwWgXUS$af310ab2687823545d167744796399881e0e8dc7a5eec22f214001601b3bbb4b'),
(15, 'pbkdf2:sha256:1000000$UgZx6by3AVwWgXUS$af310ab2687823545d167744796399881e0e8dc7a5eec22f214001601b3bbb4b'),
(16, 'pbkdf2:sha256:1000000$UgZx6by3AVwWgXUS$af310ab2687823545d167744796399881e0e8dc7a5eec22f214001601b3bbb4b'),
(17, 'pbkdf2:sha256:1000000$UgZx6by3AVwWgXUS$af310ab2687823545d167744796399881e0e8dc7a5eec22f214001601b3bbb4b'),
(18, 'pbkdf2:sha256:1000000$UgZx6by3AVwWgXUS$af310ab2687823545d167744796399881e0e8dc7a5eec22f214001601b3bbb4b'),
(19, 'pbkdf2:sha256:1000000$UgZx6by3AVwWgXUS$af310ab2687823545d167744796399881e0e8dc7a5eec22f214001601b3bbb4b'),
(20, 'pbkdf2:sha256:1000000$UgZx6by3AVwWgXUS$af310ab2687823545d167744796399881e0e8dc7a5eec22f214001601b3bbb4b'),
(21, 'pbkdf2:sha256:1000000$UgZx6by3AVwWgXUS$af310ab2687823545d167744796399881e0e8dc7a5eec22f214001601b3bbb4b'),
(22, 'pbkdf2:sha256:1000000$UgZx6by3AVwWgXUS$af310ab2687823545d167744796399881e0e8dc7a5eec22f214001601b3bbb4b'),
(23, 'pbkdf2:sha256:1000000$UgZx6by3AVwWgXUS$af310ab2687823545d167744796399881e0e8dc7a5eec22f214001601b3bbb4b'),
(24, 'pbkdf2:sha256:1000000$UgZx6by3AVwWgXUS$af310ab2687823545d167744796399881e0e8dc7a5eec22f214001601b3bbb4b'),
(25, 'pbkdf2:sha256:1000000$UgZx6by3AVwWgXUS$af310ab2687823545d167744796399881e0e8dc7a5eec22f214001601b3bbb4b'),
(26, 'pbkdf2:sha256:1000000$UgZx6by3AVwWgXUS$af310ab2687823545d167744796399881e0e8dc7a5eec22f214001601b3bbb4b'),
(27, 'pbkdf2:sha256:1000000$UgZx6by3AVwWgXUS$af310ab2687823545d167744796399881e0e8dc7a5eec22f214001601b3bbb4b'),
(28, 'pbkdf2:sha256:1000000$UgZx6by3AVwWgXUS$af310ab2687823545d167744796399881e0e8dc7a5eec22f214001601b3bbb4b'),
(29, 'pbkdf2:sha256:1000000$UgZx6by3AVwWgXUS$af310ab2687823545d167744796399881e0e8dc7a5eec22f214001601b3bbb4b'),
(30, 'pbkdf2:sha256:1000000$UgZx6by3AVwWgXUS$af310ab2687823545d167744796399881e0e8dc7a5eec22f214001601b3bbb4b'),
(31, 'pbkdf2:sha256:1000000$UgZx6by3AVwWgXUS$af310ab2687823545d167744796399881e0e8dc7a5eec22f214001601b3bbb4b'),
(32, 'pbkdf2:sha256:1000000$UgZx6by3AVwWgXUS$af310ab2687823545d167744796399881e0e8dc7a5eec22f214001601b3bbb4b'),
(33, 'pbkdf2:sha256:1000000$UgZx6by3AVwWgXUS$af310ab2687823545d167744796399881e0e8dc7a5eec22f214001601b3bbb4b'),
(34, 'pbkdf2:sha256:1000000$UgZx6by3AVwWgXUS$af310ab2687823545d167744796399881e0e8dc7a5eec22f214001601b3bbb4b'),
(35, 'pbkdf2:sha256:1000000$UgZx6by3AVwWgXUS$af310ab2687823545d167744796399881e0e8dc7a5eec22f214001601b3bbb4b'),
(36, 'pbkdf2:sha256:1000000$UgZx6by3AVwWgXUS$af310ab2687823545d167744796399881e0e8dc7a5eec22f214001601b3bbb4b'),
(37, 'pbkdf2:sha256:1000000$UgZx6by3AVwWgXUS$af310ab2687823545d167744796399881e0e8dc7a5eec22f214001601b3bbb4b'),
(38, 'pbkdf2:sha256:1000000$UgZx6by3AVwWgXUS$af310ab2687823545d167744796399881e0e8dc7a5eec22f214001601b3bbb4b'),
(39, 'pbkdf2:sha256:1000000$UgZx6by3AVwWgXUS$af310ab2687823545d167744796399881e0e8dc7a5eec22f214001601b3bbb4b'),
(40, 'pbkdf2:sha256:1000000$UgZx6by3AVwWgXUS$af310ab2687823545d167744796399881e0e8dc7a5eec22f214001601b3bbb4b'),
(41, 'pbkdf2:sha256:1000000$UgZx6by3AVwWgXUS$af310ab2687823545d167744796399881e0e8dc7a5eec22f214001601b3bbb4b'),
(42, 'pbkdf2:sha256:1000000$UgZx6by3AVwWgXUS$af310ab2687823545d167744796399881e0e8dc7a5eec22f214001601b3bbb4b'),
(43, 'pbkdf2:sha256:1000000$UgZx6by3AVwWgXUS$af310ab2687823545d167744796399881e0e8dc7a5eec22f214001601b3bbb4b'),
(44, 'pbkdf2:sha256:1000000$UgZx6by3AVwWgXUS$af310ab2687823545d167744796399881e0e8dc7a5eec22f214001601b3bbb4b'),
(45, 'pbkdf2:sha256:1000000$UgZx6by3AVwWgXUS$af310ab2687823545d167744796399881e0e8dc7a5eec22f214001601b3bbb4b'),
(46, 'pbkdf2:sha256:1000000$UgZx6by3AVwWgXUS$af310ab2687823545d167744796399881e0e8dc7a5eec22f214001601b3bbb4b'),
(47, 'pbkdf2:sha256:1000000$UgZx6by3AVwWgXUS$af310ab2687823545d167744796399881e0e8dc7a5eec22f214001601b3bbb4b'),
(48, 'pbkdf2:sha256:1000000$UgZx6by3AVwWgXUS$af310ab2687823545d167744796399881e0e8dc7a5eec22f214001601b3bbb4b'),
(49, 'pbkdf2:sha256:1000000$UgZx6by3AVwWgXUS$af310ab2687823545d167744796399881e0e8dc7a5eec22f214001601b3bbb4b'),
(50, 'pbkdf2:sha256:1000000$UgZx6by3AVwWgXUS$af310ab2687823545d167744796399881e0e8dc7a5eec22f214001601b3bbb4b'),
(51, 'pbkdf2:sha256:1000000$UgZx6by3AVwWgXUS$af310ab2687823545d167744796399881e0e8dc7a5eec22f214001601b3bbb4b'),
(52, 'pbkdf2:sha256:1000000$UgZx6by3AVwWgXUS$af310ab2687823545d167744796399881e0e8dc7a5eec22f214001601b3bbb4b'),
(53, 'pbkdf2:sha256:1000000$UgZx6by3AVwWgXUS$af310ab2687823545d167744796399881e0e8dc7a5eec22f214001601b3bbb4b'),
(54, 'pbkdf2:sha256:1000000$UgZx6by3AVwWgXUS$af310ab2687823545d167744796399881e0e8dc7a5eec22f214001601b3bbb4b'),
(55, 'pbkdf2:sha256:1000000$UgZx6by3AVwWgXUS$af310ab2687823545d167744796399881e0e8dc7a5eec22f214001601b3bbb4b'),
(56, 'pbkdf2:sha256:1000000$UgZx6by3AVwWgXUS$af310ab2687823545d167744796399881e0e8dc7a5eec22f214001601b3bbb4b'),
(57, 'pbkdf2:sha256:1000000$UgZx6by3AVwWgXUS$af310ab2687823545d167744796399881e0e8dc7a5eec22f214001601b3bbb4b'),
(58, 'pbkdf2:sha256:1000000$UgZx6by3AVwWgXUS$af310ab2687823545d167744796399881e0e8dc7a5eec22f214001601b3bbb4b'),
(59, 'pbkdf2:sha256:1000000$UgZx6by3AVwWgXUS$af310ab2687823545d167744796399881e0e8dc7a5eec22f214001601b3bbb4b'),
(60, 'pbkdf2:sha256:1000000$UgZx6by3AVwWgXUS$af310ab2687823545d167744796399881e0e8dc7a5eec22f214001601b3bbb4b'),
(61, 'pbkdf2:sha256:1000000$UgZx6by3AVwWgXUS$af310ab2687823545d167744796399881e0e8dc7a5eec22f214001601b3bbb4b'),
(62, 'pbkdf2:sha256:1000000$UgZx6by3AVwWgXUS$af310ab2687823545d167744796399881e0e8dc7a5eec22f214001601b3bbb4b'),
(63, 'pbkdf2:sha256:1000000$UgZx6by3AVwWgXUS$af310ab2687823545d167744796399881e0e8dc7a5eec22f214001601b3bbb4b'),
(64, 'pbkdf2:sha256:1000000$UgZx6by3AVwWgXUS$af310ab2687823545d167744796399881e0e8dc7a5eec22f214001601b3bbb4b'),
(65, 'pbkdf2:sha256:1000000$UgZx6by3AVwWgXUS$af310ab2687823545d167744796399881e0e8dc7a5eec22f214001601b3bbb4b'),
(66, 'pbkdf2:sha256:1000000$UgZx6by3AVwWgXUS$af310ab2687823545d167744796399881e0e8dc7a5eec22f214001601b3bbb4b'),
(67, 'pbkdf2:sha256:1000000$UgZx6by3AVwWgXUS$af310ab2687823545d167744796399881e0e8dc7a5eec22f214001601b3bbb4b'),
(68, 'pbkdf2:sha256:1000000$UgZx6by3AVwWgXUS$af310ab2687823545d167744796399881e0e8dc7a5eec22f214001601b3bbb4b'),
(69, 'pbkdf2:sha256:1000000$UgZx6by3AVwWgXUS$af310ab2687823545d167744796399881e0e8dc7a5eec22f214001601b3bbb4b'),
(70, 'pbkdf2:sha256:1000000$UgZx6by3AVwWgXUS$af310ab2687823545d167744796399881e0e8dc7a5eec22f214001601b3bbb4b'),
(71, 'pbkdf2:sha256:1000000$UgZx6by3AVwWgXUS$af310ab2687823545d167744796399881e0e8dc7a5eec22f214001601b3bbb4b'),
(72, 'pbkdf2:sha256:1000000$UgZx6by3AVwWgXUS$af310ab2687823545d167744796399881e0e8dc7a5eec22f214001601b3bbb4b'),
(73, 'pbkdf2:sha256:1000000$UgZx6by3AVwWgXUS$af310ab2687823545d167744796399881e0e8dc7a5eec22f214001601b3bbb4b'),
(74, 'pbkdf2:sha256:1000000$UgZx6by3AVwWgXUS$af310ab2687823545d167744796399881e0e8dc7a5eec22f214001601b3bbb4b'),
(75, 'pbkdf2:sha256:1000000$UgZx6by3AVwWgXUS$af310ab2687823545d167744796399881e0e8dc7a5eec22f214001601b3bbb4b'),
(76, 'pbkdf2:sha256:1000000$UgZx6by3AVwWgXUS$af310ab2687823545d167744796399881e0e8dc7a5eec22f214001601b3bbb4b'),
(77, 'pbkdf2:sha256:1000000$UgZx6by3AVwWgXUS$af310ab2687823545d167744796399881e0e8dc7a5eec22f214001601b3bbb4b'),
(78, 'pbkdf2:sha256:1000000$UgZx6by3AVwWgXUS$af310ab2687823545d167744796399881e0e8dc7a5eec22f214001601b3bbb4b'),
(79, 'pbkdf2:sha256:1000000$UgZx6by3AVwWgXUS$af310ab2687823545d167744796399881e0e8dc7a5eec22f214001601b3bbb4b'),
(80, 'pbkdf2:sha256:1000000$UgZx6by3AVwWgXUS$af310ab2687823545d167744796399881e0e8dc7a5eec22f214001601b3bbb4b'),
(81, 'pbkdf2:sha256:1000000$UgZx6by3AVwWgXUS$af310ab2687823545d167744796399881e0e8dc7a5eec22f214001601b3bbb4b'),
(82, 'pbkdf2:sha256:1000000$UgZx6by3AVwWgXUS$af310ab2687823545d167744796399881e0e8dc7a5eec22f214001601b3bbb4b'),
(83, 'pbkdf2:sha256:1000000$UgZx6by3AVwWgXUS$af310ab2687823545d167744796399881e0e8dc7a5eec22f214001601b3bbb4b'),
(84, 'pbkdf2:sha256:1000000$UgZx6by3AVwWgXUS$af310ab2687823545d167744796399881e0e8dc7a5eec22f214001601b3bbb4b'),
(85, 'pbkdf2:sha256:1000000$UgZx6by3AVwWgXUS$af310ab2687823545d167744796399881e0e8dc7a5eec22f214001601b3bbb4b'),
(86, 'pbkdf2:sha256:1000000$UgZx6by3AVwWgXUS$af310ab2687823545d167744796399881e0e8dc7a5eec22f214001601b3bbb4b'),
(87, 'pbkdf2:sha256:1000000$UgZx6by3AVwWgXUS$af310ab2687823545d167744796399881e0e8dc7a5eec22f214001601b3bbb4b'),
(88, 'pbkdf2:sha256:1000000$UgZx6by3AVwWgXUS$af310ab2687823545d167744796399881e0e8dc7a5eec22f214001601b3bbb4b'),
(89, 'pbkdf2:sha256:1000000$UgZx6by3AVwWgXUS$af310ab2687823545d167744796399881e0e8dc7a5eec22f214001601b3bbb4b'),
(90, 'pbkdf2:sha256:1000000$UgZx6by3AVwWgXUS$af310ab2687823545d167744796399881e0e8dc7a5eec22f214001601b3bbb4b'),
(91, 'pbkdf2:sha256:1000000$UgZx6by3AVwWgXUS$af310ab2687823545d167744796399881e0e8dc7a5eec22f214001601b3bbb4b'),
(92, 'pbkdf2:sha256:1000000$UgZx6by3AVwWgXUS$af310ab2687823545d167744796399881e0e8dc7a5eec22f214001601b3bbb4b'),
(93, 'pbkdf2:sha256:1000000$UgZx6by3AVwWgXUS$af310ab2687823545d167744796399881e0e8dc7a5eec22f214001601b3bbb4b'),
(94, 'pbkdf2:sha256:1000000$UgZx6by3AVwWgXUS$af310ab2687823545d167744796399881e0e8dc7a5eec22f214001601b3bbb4b'),
(95, 'pbkdf2:sha256:1000000$UgZx6by3AVwWgXUS$af310ab2687823545d167744796399881e0e8dc7a5eec22f214001601b3bbb4b'),
(96, 'pbkdf2:sha256:1000000$UgZx6by3AVwWgXUS$af310ab2687823545d167744796399881e0e8dc7a5eec22f214001601b3bbb4b'),
(97, 'pbkdf2:sha256:1000000$UgZx6by3AVwWgXUS$af310ab2687823545d167744796399881e0e8dc7a5eec22f214001601b3bbb4b'),
(98, 'pbkdf2:sha256:1000000$UgZx6by3AVwWgXUS$af310ab2687823545d167744796399881e0e8dc7a5eec22f214001601b3bbb4b'),
(99, 'pbkdf2:sha256:1000000$UgZx6by3AVwWgXUS$af310ab2687823545d167744796399881e0e8dc7a5eec22f214001601b3bbb4b'),
(100, 'pbkdf2:sha256:1000000$UgZx6by3AVwWgXUS$af310ab2687823545d167744796399881e0e8dc7a5eec22f214001601b3bbb4b'),
(101, 'pbkdf2:sha256:1000000$UgZx6by3AVwWgXUS$af310ab2687823545d167744796399881e0e8dc7a5eec22f214001601b3bbb4b'),
(102, 'pbkdf2:sha256:1000000$UgZx6by3AVwWgXUS$af310ab2687823545d167744796399881e0e8dc7a5eec22f214001601b3bbb4b'),
(103, 'pbkdf2:sha256:1000000$UgZx6by3AVwWgXUS$af310ab2687823545d167744796399881e0e8dc7a5eec22f214001601b3bbb4b'),
(104, 'pbkdf2:sha256:1000000$UgZx6by3AVwWgXUS$af310ab2687823545d167744796399881e0e8dc7a5eec22f214001601b3bbb4b'),
(105, 'pbkdf2:sha256:1000000$UgZx6by3AVwWgXUS$af310ab2687823545d167744796399881e0e8dc7a5eec22f214001601b3bbb4b'),
(106, 'pbkdf2:sha256:1000000$UgZx6by3AVwWgXUS$af310ab2687823545d167744796399881e0e8dc7a5eec22f214001601b3bbb4b'),
(107, 'pbkdf2:sha256:1000000$UgZx6by3AVwWgXUS$af310ab2687823545d167744796399881e0e8dc7a5eec22f214001601b3bbb4b');

-- ========================
-- SALONS
-- ========================
INSERT INTO `salons` (`salon_id`, `vendor_id`, `name`, `description`, `business_type`, `address_line1`, `address_line2`, `city`, `state`, `postal_code`, `phone`, `is_published`, `verification_status`) VALUES
(1, 6, 'The Cutting Edge', 'Premium men''s grooming salon', 'Barber Shop', '123 Shear St', 'Suite 1', 'New York', 'NY', '10001', '212-555-0101', 1, 'approved'),
(2, 7, 'Curl Up & Dye', 'Full-service salon for all hair types', 'Hair Salon', '456 Style Ave', 'Floor 2', 'Brooklyn', 'NY', '11201', '718-555-0102', 1, 'approved'),
(3, 8, 'Hairitage', 'Upscale barbershop and salon', 'Barber Shop', '789 Brush Blvd', NULL, 'New York', 'NY', '10002', '212-555-0103', 1, 'pending'),
(4, 9, 'The Mane Event', 'Modern hair styling studio', 'Hair Salon', '101 Comb Ct', 'Suite 5', 'Queens', 'NY', '11101', '718-555-0104', 0, 'approved'),
(5, 10, 'Shear Luck', 'Casual neighborhood barber', 'Barber Shop', '212 Dryer Dr', NULL, 'New York', 'NY', '10003', '212-555-0105', 1, 'rejected'),
(6, 11, 'The Hair Studio', 'Luxury salon for women', 'Hair Salon', '303 Strand St', 'Suite 10', 'Manhattan', 'NY', '10004', '212-555-0106', 1, 'approved');

-- ========================
-- STAFF (89 staff members across 6 salons)
-- ========================
INSERT INTO `staff` (`staff_id`, `salon_id`, `user_id`, `title`, `schedule`) VALUES
(1, 1, 6, 'Owner / Senior Stylist', NULL),
(2, 2, 7, 'Owner / Colorist', NULL),
(3, 3, 8, 'Owner / Barber', NULL),
(4, 4, 9, 'Owner / Stylist', NULL),
(5, 5, 10, 'Owner / Barber', NULL),
(6, 6, 11, 'Owner / Senior Stylist', NULL),
(7, 1, 12, 'Junior Stylist', NULL),
(8, 1, 13, 'Barber', NULL),
(9, 2, 14, 'Colorist', NULL),
(10, 2, 15, 'Shampoo Assistant', NULL),
(11, 3, 16, 'Barber', NULL),
(12, 4, 17, 'Stylist', NULL),
(13, 6, 18, 'Senior Colorist', NULL),
(14, 6, 19, 'Blow-Dry Specialist', NULL),
-- The Cutting Edge (Salon 1) - Additional staff (15-28)
(15, 1, 20, 'Senior Barber', NULL),
(16, 1, 21, 'Stylist', NULL),
(17, 1, 22, 'Assistant Barber', NULL),
(18, 1, 23, 'Barber', NULL),
(19, 1, 24, 'Colorist', NULL),
(20, 1, 25, 'Senior Stylist', NULL),
(21, 1, 26, 'Junior Barber', NULL),
(22, 1, 27, 'Grooming Specialist', NULL),
(23, 1, 28, 'Barber', NULL),
(24, 1, 29, 'Senior Colorist', NULL),
(25, 1, 30, 'Stylist', NULL),
(26, 1, 31, 'Barber Assistant', NULL),
-- Curl Up & Dye (Salon 2) - Additional staff (29-44)
(27, 2, 12, 'Senior Stylist', NULL),
(28, 2, 20, 'Hair Specialist', NULL),
(29, 2, 21, 'Colorist', NULL),
(30, 2, 22, 'Stylist', NULL),
(31, 2, 23, 'Blow-Dry Expert', NULL),
(32, 2, 24, 'Hair Treatment Specialist', NULL),
(33, 2, 25, 'Junior Colorist', NULL),
(34, 2, 26, 'Stylist', NULL),
(35, 2, 27, 'Senior Colorist', NULL),
(36, 2, 28, 'Hair Specialist', NULL),
(37, 2, 29, 'Styling Assistant', NULL),
(38, 2, 30, 'Colorist', NULL),
(39, 2, 31, 'Shampoo Specialist', NULL),
(40, 2, 13, 'Senior Stylist', NULL),
(41, 2, 14, 'Hair Therapist', NULL),
(42, 2, 15, 'Junior Stylist', NULL),
(43, 2, 16, 'Colorist', NULL),
-- Hairitage (Salon 3) - Additional staff (45-58)
(44, 3, 17, 'Senior Barber', NULL),
(45, 3, 18, 'Barber', NULL),
(46, 3, 19, 'Barber', NULL),
(47, 3, 20, 'Master Barber', NULL),
(48, 3, 21, 'Barber', NULL),
(49, 3, 22, 'Barber', NULL),
(50, 3, 23, 'Senior Barber', NULL),
(51, 3, 24, 'Barber', NULL),
(52, 3, 25, 'Beard Specialist', NULL),
(53, 3, 26, 'Barber', NULL),
(54, 3, 27, 'Barber', NULL),
(55, 3, 28, 'Barber', NULL),
(56, 3, 29, 'Senior Barber', NULL),
(57, 3, 30, 'Barber Assistant', NULL),
(58, 3, 31, 'Barber', NULL),
-- The Mane Event (Salon 4) - Additional staff (59-70)
(59, 4, 12, 'Senior Stylist', NULL),
(60, 4, 13, 'Stylist', NULL),
(61, 4, 20, 'Hair Specialist', NULL),
(62, 4, 21, 'Makeup Artist', NULL),
(63, 4, 22, 'Stylist', NULL),
(64, 4, 23, 'Hair Treatment Expert', NULL),
(65, 4, 24, 'Junior Stylist', NULL),
(66, 4, 25, 'Stylist', NULL),
(67, 4, 26, 'Senior Stylist', NULL),
(68, 4, 27, 'Hair Specialist', NULL),
(69, 4, 28, 'Blow-Dry Specialist', NULL),
(70, 4, 29, 'Stylist', NULL),
-- Shear Luck (Salon 5) - Additional staff (71-78)
(71, 5, 12, 'Barber', NULL),
(72, 5, 13, 'Barber', NULL),
(73, 5, 20, 'Senior Barber', NULL),
(74, 5, 21, 'Barber', NULL),
(75, 5, 22, 'Barber', NULL),
(76, 5, 23, 'Junior Barber', NULL),
(77, 5, 24, 'Barber', NULL),
(78, 5, 25, 'Barber Assistant', NULL),
-- The Hair Studio (Salon 6) - Additional staff (79-89)
(79, 6, 12, 'Senior Colorist', NULL),
(80, 6, 13, 'Hair Specialist', NULL),
(81, 6, 20, 'Stylist', NULL),
(82, 6, 21, 'Senior Stylist', NULL),
(83, 6, 22, 'Colorist', NULL),
(84, 6, 23, 'Hair Treatment Expert', NULL),
(85, 6, 24, 'Blow-Dry Specialist', NULL),
(86, 6, 25, 'Senior Colorist', NULL),
(87, 6, 26, 'Hair Extension Specialist', NULL),
(88, 6, 27, 'Makeup Artist', NULL),
(89, 6, 28, 'Junior Stylist', NULL);

-- ========================
-- SCHEDULES (All 89 staff members with work schedules)
-- ========================
INSERT INTO `schedules` (`staff_id`, `day_of_week`, `start_time`, `end_time`) VALUES
-- Staff 1-6 (Owners) - Monday to Saturday
(1, 1, '09:00:00', '17:00:00'), (1, 2, '09:00:00', '17:00:00'), (1, 3, '09:00:00', '17:00:00'), (1, 4, '09:00:00', '17:00:00'), (1, 5, '09:00:00', '17:00:00'), (1, 6, '10:00:00', '14:00:00'),
(2, 1, '10:00:00', '18:00:00'), (2, 2, '10:00:00', '18:00:00'), (2, 3, '10:00:00', '18:00:00'), (2, 4, '10:00:00', '18:00:00'), (2, 5, '10:00:00', '18:00:00'), (2, 6, '11:00:00', '15:00:00'),
(3, 2, '08:30:00', '16:30:00'), (3, 3, '08:30:00', '16:30:00'), (3, 4, '08:30:00', '16:30:00'), (3, 5, '08:30:00', '16:30:00'), (3, 6, '08:30:00', '16:30:00'), (3, 0, '09:00:00', '13:00:00'),
(4, 1, '09:00:00', '17:00:00'), (4, 2, '09:00:00', '17:00:00'), (4, 3, '09:00:00', '17:00:00'), (4, 4, '09:00:00', '17:00:00'), (4, 5, '09:00:00', '17:00:00'), (4, 6, '10:00:00', '14:00:00'),
(5, 1, '09:00:00', '17:00:00'), (5, 2, '09:00:00', '17:00:00'), (5, 3, '09:00:00', '17:00:00'), (5, 4, '09:00:00', '17:00:00'), (5, 5, '09:00:00', '17:00:00'), (5, 6, '10:00:00', '14:00:00'),
(6, 1, '10:00:00', '18:00:00'), (6, 2, '10:00:00', '18:00:00'), (6, 3, '10:00:00', '18:00:00'), (6, 4, '10:00:00', '18:00:00'), (6, 5, '10:00:00', '18:00:00'), (6, 6, '11:00:00', '15:00:00'),
-- Staff 7-14 (Initial employees) - Various schedules
(7, 1, '11:00:00', '19:00:00'), (7, 3, '11:00:00', '19:00:00'), (7, 5, '11:00:00', '19:00:00'),
(8, 2, '09:00:00', '17:00:00'), (8, 4, '09:00:00', '17:00:00'), (8, 6, '09:00:00', '17:00:00'),
(9, 1, '10:00:00', '18:00:00'), (9, 2, '10:00:00', '18:00:00'), (9, 3, '10:00:00', '18:00:00'), (9, 4, '10:00:00', '18:00:00'), (9, 5, '10:00:00', '18:00:00'),
(10, 1, '10:00:00', '18:00:00'), (10, 2, '10:00:00', '18:00:00'), (10, 3, '10:00:00', '18:00:00'), (10, 4, '10:00:00', '18:00:00'), (10, 5, '10:00:00', '18:00:00'),
(11, 2, '08:30:00', '16:30:00'), (11, 3, '08:30:00', '16:30:00'), (11, 4, '08:30:00', '16:30:00'), (11, 5, '08:30:00', '16:30:00'), (11, 6, '08:30:00', '16:30:00'),
(12, 1, '09:00:00', '17:00:00'), (12, 2, '09:00:00', '17:00:00'), (12, 3, '09:00:00', '17:00:00'), (12, 4, '09:00:00', '17:00:00'), (12, 5, '09:00:00', '17:00:00'),
(13, 1, '09:00:00', '17:00:00'), (13, 2, '09:00:00', '17:00:00'), (13, 3, '09:00:00', '17:00:00'), (13, 4, '09:00:00', '17:00:00'), (13, 5, '09:00:00', '17:00:00'),
(14, 2, '10:00:00', '18:00:00'), (14, 3, '10:00:00', '18:00:00'), (14, 4, '10:00:00', '18:00:00'), (14, 5, '10:00:00', '18:00:00'), (14, 6, '11:00:00', '15:00:00'),
-- Staff 15-26 (Salon 1 additional) - Rotating schedules
(15, 1, '09:00:00', '17:00:00'), (15, 3, '09:00:00', '17:00:00'), (15, 5, '09:00:00', '17:00:00'),
(16, 2, '09:00:00', '17:00:00'), (16, 4, '09:00:00', '17:00:00'), (16, 6, '09:00:00', '17:00:00'),
(17, 1, '10:00:00', '18:00:00'), (17, 3, '10:00:00', '18:00:00'), (17, 5, '10:00:00', '18:00:00'),
(18, 2, '10:00:00', '18:00:00'), (18, 4, '10:00:00', '18:00:00'), (18, 6, '10:00:00', '18:00:00'),
(19, 1, '11:00:00', '19:00:00'), (19, 2, '11:00:00', '19:00:00'), (19, 3, '11:00:00', '19:00:00'), (19, 4, '11:00:00', '19:00:00'), (19, 5, '11:00:00', '19:00:00'),
(20, 1, '09:00:00', '17:00:00'), (20, 2, '09:00:00', '17:00:00'), (20, 3, '09:00:00', '17:00:00'), (20, 4, '09:00:00', '17:00:00'), (20, 5, '09:00:00', '17:00:00'),
(21, 2, '10:00:00', '18:00:00'), (21, 3, '10:00:00', '18:00:00'), (21, 4, '10:00:00', '18:00:00'), (21, 5, '10:00:00', '18:00:00'), (21, 6, '11:00:00', '15:00:00'),
(22, 1, '09:00:00', '17:00:00'), (22, 3, '09:00:00', '17:00:00'), (22, 5, '09:00:00', '17:00:00'),
(23, 2, '09:00:00', '17:00:00'), (23, 4, '09:00:00', '17:00:00'), (23, 6, '09:00:00', '17:00:00'),
(24, 1, '10:00:00', '18:00:00'), (24, 2, '10:00:00', '18:00:00'), (24, 3, '10:00:00', '18:00:00'), (24, 4, '10:00:00', '18:00:00'), (24, 5, '10:00:00', '18:00:00'),
(25, 1, '11:00:00', '19:00:00'), (25, 3, '11:00:00', '19:00:00'), (25, 5, '11:00:00', '19:00:00'),
(26, 2, '10:00:00', '18:00:00'), (26, 4, '10:00:00', '18:00:00'), (26, 6, '10:00:00', '18:00:00'),
-- Staff 27-43 (Salon 2 additional) - Rotating schedules
(27, 1, '09:00:00', '17:00:00'), (27, 2, '09:00:00', '17:00:00'), (27, 3, '09:00:00', '17:00:00'), (27, 4, '09:00:00', '17:00:00'), (27, 5, '09:00:00', '17:00:00'),
(28, 2, '10:00:00', '18:00:00'), (28, 3, '10:00:00', '18:00:00'), (28, 4, '10:00:00', '18:00:00'), (28, 5, '10:00:00', '18:00:00'), (28, 6, '11:00:00', '15:00:00'),
(29, 1, '10:00:00', '18:00:00'), (29, 3, '10:00:00', '18:00:00'), (29, 5, '10:00:00', '18:00:00'),
(30, 2, '10:00:00', '18:00:00'), (30, 4, '10:00:00', '18:00:00'), (30, 6, '10:00:00', '18:00:00'),
(31, 1, '11:00:00', '19:00:00'), (31, 2, '11:00:00', '19:00:00'), (31, 3, '11:00:00', '19:00:00'), (31, 4, '11:00:00', '19:00:00'), (31, 5, '11:00:00', '19:00:00'),
(32, 1, '09:00:00', '17:00:00'), (32, 3, '09:00:00', '17:00:00'), (32, 5, '09:00:00', '17:00:00'),
(33, 2, '09:00:00', '17:00:00'), (33, 4, '09:00:00', '17:00:00'), (33, 6, '09:00:00', '17:00:00'),
(34, 1, '10:00:00', '18:00:00'), (34, 2, '10:00:00', '18:00:00'), (34, 3, '10:00:00', '18:00:00'), (34, 4, '10:00:00', '18:00:00'), (34, 5, '10:00:00', '18:00:00'),
(35, 1, '11:00:00', '19:00:00'), (35, 3, '11:00:00', '19:00:00'), (35, 5, '11:00:00', '19:00:00'),
(36, 2, '10:00:00', '18:00:00'), (36, 4, '10:00:00', '18:00:00'), (36, 6, '10:00:00', '18:00:00'),
(37, 1, '09:00:00', '17:00:00'), (37, 2, '09:00:00', '17:00:00'), (37, 3, '09:00:00', '17:00:00'), (37, 4, '09:00:00', '17:00:00'), (37, 5, '09:00:00', '17:00:00'),
(38, 2, '10:00:00', '18:00:00'), (38, 3, '10:00:00', '18:00:00'), (38, 4, '10:00:00', '18:00:00'), (38, 5, '10:00:00', '18:00:00'), (38, 6, '11:00:00', '15:00:00'),
(39, 1, '10:00:00', '18:00:00'), (39, 3, '10:00:00', '18:00:00'), (39, 5, '10:00:00', '18:00:00'),
(40, 2, '10:00:00', '18:00:00'), (40, 4, '10:00:00', '18:00:00'), (40, 6, '10:00:00', '18:00:00'),
(41, 1, '11:00:00', '19:00:00'), (41, 2, '11:00:00', '19:00:00'), (41, 3, '11:00:00', '19:00:00'), (41, 4, '11:00:00', '19:00:00'), (41, 5, '11:00:00', '19:00:00'),
(42, 1, '09:00:00', '17:00:00'), (42, 3, '09:00:00', '17:00:00'), (42, 5, '09:00:00', '17:00:00'),
(43, 2, '09:00:00', '17:00:00'), (43, 4, '09:00:00', '17:00:00'), (43, 6, '09:00:00', '17:00:00'),
-- Staff 44-58 (Salon 3 additional) - Rotating schedules
(44, 1, '08:30:00', '16:30:00'), (44, 2, '08:30:00', '16:30:00'), (44, 3, '08:30:00', '16:30:00'), (44, 4, '08:30:00', '16:30:00'), (44, 5, '08:30:00', '16:30:00'),
(45, 2, '08:30:00', '16:30:00'), (45, 3, '08:30:00', '16:30:00'), (45, 4, '08:30:00', '16:30:00'), (45, 5, '08:30:00', '16:30:00'), (45, 6, '09:00:00', '13:00:00'),
(46, 1, '08:30:00', '16:30:00'), (46, 3, '08:30:00', '16:30:00'), (46, 5, '08:30:00', '16:30:00'),
(47, 2, '08:30:00', '16:30:00'), (47, 4, '08:30:00', '16:30:00'), (47, 6, '08:30:00', '16:30:00'),
(48, 1, '09:00:00', '17:00:00'), (48, 2, '09:00:00', '17:00:00'), (48, 3, '09:00:00', '17:00:00'), (48, 4, '09:00:00', '17:00:00'), (48, 5, '09:00:00', '17:00:00'),
(49, 1, '08:30:00', '16:30:00'), (49, 3, '08:30:00', '16:30:00'), (49, 5, '08:30:00', '16:30:00'),
(50, 2, '08:30:00', '16:30:00'), (50, 4, '08:30:00', '16:30:00'), (50, 6, '08:30:00', '16:30:00'),
(51, 1, '09:00:00', '17:00:00'), (51, 2, '09:00:00', '17:00:00'), (51, 3, '09:00:00', '17:00:00'), (51, 4, '09:00:00', '17:00:00'), (51, 5, '09:00:00', '17:00:00'),
(52, 1, '08:30:00', '16:30:00'), (52, 3, '08:30:00', '16:30:00'), (52, 5, '08:30:00', '16:30:00'),
(53, 2, '08:30:00', '16:30:00'), (53, 4, '08:30:00', '16:30:00'), (53, 6, '08:30:00', '16:30:00'),
(54, 1, '09:00:00', '17:00:00'), (54, 2, '09:00:00', '17:00:00'), (54, 3, '09:00:00', '17:00:00'), (54, 4, '09:00:00', '17:00:00'), (54, 5, '09:00:00', '17:00:00'),
(55, 2, '08:30:00', '16:30:00'), (55, 3, '08:30:00', '16:30:00'), (55, 4, '08:30:00', '16:30:00'), (55, 5, '08:30:00', '16:30:00'), (55, 6, '09:00:00', '13:00:00'),
(56, 1, '08:30:00', '16:30:00'), (56, 3, '08:30:00', '16:30:00'), (56, 5, '08:30:00', '16:30:00'),
(57, 2, '08:30:00', '16:30:00'), (57, 4, '08:30:00', '16:30:00'), (57, 6, '08:30:00', '16:30:00'),
(58, 1, '09:00:00', '17:00:00'), (58, 2, '09:00:00', '17:00:00'), (58, 3, '09:00:00', '17:00:00'), (58, 4, '09:00:00', '17:00:00'), (58, 5, '09:00:00', '17:00:00'),
-- Staff 59-70 (Salon 4 additional) - Rotating schedules
(59, 1, '09:00:00', '17:00:00'), (59, 2, '09:00:00', '17:00:00'), (59, 3, '09:00:00', '17:00:00'), (59, 4, '09:00:00', '17:00:00'), (59, 5, '09:00:00', '17:00:00'),
(60, 2, '10:00:00', '18:00:00'), (60, 3, '10:00:00', '18:00:00'), (60, 4, '10:00:00', '18:00:00'), (60, 5, '10:00:00', '18:00:00'), (60, 6, '11:00:00', '15:00:00'),
(61, 1, '10:00:00', '18:00:00'), (61, 3, '10:00:00', '18:00:00'), (61, 5, '10:00:00', '18:00:00'),
(62, 2, '10:00:00', '18:00:00'), (62, 4, '10:00:00', '18:00:00'), (62, 6, '10:00:00', '18:00:00'),
(63, 1, '11:00:00', '19:00:00'), (63, 2, '11:00:00', '19:00:00'), (63, 3, '11:00:00', '19:00:00'), (63, 4, '11:00:00', '19:00:00'), (63, 5, '11:00:00', '19:00:00'),
(64, 1, '09:00:00', '17:00:00'), (64, 3, '09:00:00', '17:00:00'), (64, 5, '09:00:00', '17:00:00'),
(65, 2, '09:00:00', '17:00:00'), (65, 4, '09:00:00', '17:00:00'), (65, 6, '09:00:00', '17:00:00'),
(66, 1, '10:00:00', '18:00:00'), (66, 2, '10:00:00', '18:00:00'), (66, 3, '10:00:00', '18:00:00'), (66, 4, '10:00:00', '18:00:00'), (66, 5, '10:00:00', '18:00:00'),
(67, 1, '11:00:00', '19:00:00'), (67, 3, '11:00:00', '19:00:00'), (67, 5, '11:00:00', '19:00:00'),
(68, 2, '10:00:00', '18:00:00'), (68, 4, '10:00:00', '18:00:00'), (68, 6, '10:00:00', '18:00:00'),
(69, 1, '09:00:00', '17:00:00'), (69, 2, '09:00:00', '17:00:00'), (69, 3, '09:00:00', '17:00:00'), (69, 4, '09:00:00', '17:00:00'), (69, 5, '09:00:00', '17:00:00'),
(70, 2, '10:00:00', '18:00:00'), (70, 3, '10:00:00', '18:00:00'), (70, 4, '10:00:00', '18:00:00'), (70, 5, '10:00:00', '18:00:00'), (70, 6, '11:00:00', '15:00:00'),
-- Staff 71-78 (Salon 5 additional) - Rotating schedules
(71, 1, '09:00:00', '17:00:00'), (71, 3, '09:00:00', '17:00:00'), (71, 5, '09:00:00', '17:00:00'),
(72, 2, '09:00:00', '17:00:00'), (72, 4, '09:00:00', '17:00:00'), (72, 6, '09:00:00', '17:00:00'),
(73, 1, '10:00:00', '18:00:00'), (73, 2, '10:00:00', '18:00:00'), (73, 3, '10:00:00', '18:00:00'), (73, 4, '10:00:00', '18:00:00'), (73, 5, '10:00:00', '18:00:00'),
(74, 1, '09:00:00', '17:00:00'), (74, 3, '09:00:00', '17:00:00'), (74, 5, '09:00:00', '17:00:00'),
(75, 2, '09:00:00', '17:00:00'), (75, 4, '09:00:00', '17:00:00'), (75, 6, '09:00:00', '17:00:00'),
(76, 1, '10:00:00', '18:00:00'), (76, 2, '10:00:00', '18:00:00'), (76, 3, '10:00:00', '18:00:00'), (76, 4, '10:00:00', '18:00:00'), (76, 5, '10:00:00', '18:00:00'),
(77, 1, '11:00:00', '19:00:00'), (77, 3, '11:00:00', '19:00:00'), (77, 5, '11:00:00', '19:00:00'),
(78, 2, '10:00:00', '18:00:00'), (78, 4, '10:00:00', '18:00:00'), (78, 6, '10:00:00', '18:00:00'),
-- Staff 79-89 (Salon 6 additional) - Rotating schedules
(79, 1, '10:00:00', '18:00:00'), (79, 2, '10:00:00', '18:00:00'), (79, 3, '10:00:00', '18:00:00'), (79, 4, '10:00:00', '18:00:00'), (79, 5, '10:00:00', '18:00:00'),
(80, 1, '11:00:00', '19:00:00'), (80, 3, '11:00:00', '19:00:00'), (80, 5, '11:00:00', '19:00:00'),
(81, 2, '10:00:00', '18:00:00'), (81, 4, '10:00:00', '18:00:00'), (81, 6, '10:00:00', '18:00:00'),
(82, 1, '09:00:00', '17:00:00'), (82, 2, '09:00:00', '17:00:00'), (82, 3, '09:00:00', '17:00:00'), (82, 4, '09:00:00', '17:00:00'), (82, 5, '09:00:00', '17:00:00'),
(83, 2, '10:00:00', '18:00:00'), (83, 3, '10:00:00', '18:00:00'), (83, 4, '10:00:00', '18:00:00'), (83, 5, '10:00:00', '18:00:00'), (83, 6, '11:00:00', '15:00:00'),
(84, 1, '10:00:00', '18:00:00'), (84, 3, '10:00:00', '18:00:00'), (84, 5, '10:00:00', '18:00:00'),
(85, 2, '10:00:00', '18:00:00'), (85, 4, '10:00:00', '18:00:00'), (85, 6, '10:00:00', '18:00:00'),
(86, 1, '11:00:00', '19:00:00'), (86, 2, '11:00:00', '19:00:00'), (86, 3, '11:00:00', '19:00:00'), (86, 4, '11:00:00', '19:00:00'), (86, 5, '11:00:00', '19:00:00'),
(87, 1, '09:00:00', '17:00:00'), (87, 3, '09:00:00', '17:00:00'), (87, 5, '09:00:00', '17:00:00'),
(88, 2, '09:00:00', '17:00:00'), (88, 4, '09:00:00', '17:00:00'), (88, 6, '09:00:00', '17:00:00'),
(89, 1, '10:00:00', '18:00:00'), (89, 2, '10:00:00', '18:00:00'), (89, 3, '10:00:00', '18:00:00'), (89, 4, '10:00:00', '18:00:00'), (89, 5, '10:00:00', '18:00:00');

-- ========================
-- TIME_BLOCKS
-- ========================
INSERT INTO `time_blocks` (`staff_id`, `starts_at`, `ends_at`, `reason`) VALUES
(1, '2025-11-10 12:00:00', '2025-11-10 13:00:00', 'Lunch Break'),
(1, '2025-11-11 12:00:00', '2025-11-11 13:00:00', 'Lunch Break'),
(1, '2025-11-15 14:00:00', '2025-11-15 16:00:00', 'Training Session'),
(2, '2025-11-12 13:00:00', '2025-11-12 14:00:00', 'Lunch Break'),
(2, '2025-11-20 10:00:00', '2025-11-20 12:00:00', 'Client Meeting'),
(3, '2025-11-13 12:00:00', '2025-11-13 13:00:00', 'Lunch Break'),
(7, '2025-11-14 15:00:00', '2025-11-14 16:00:00', 'Break'),
(8, '2025-11-17 12:00:00', '2025-11-17 13:00:00', 'Lunch Break');

-- ========================
-- SERVICES
-- ========================
INSERT INTO `services` (`service_id`, `salon_id`, `name`, `description`, `price_cents`, `duration_minutes`) VALUES
-- The Cutting Edge (Salon 1)
(1, 1, 'Men''s Haircut', 'Classic men''s haircut and style.', 3000, 30),
(2, 1, 'Beard Trim', 'Shape and trim your beard.', 1500, 15),
(3, 1, 'Hot Shave', 'Classic hot towel and straight razor shave.', 4000, 45),
(4, 1, 'Fade with Line', 'Precision fade with detailed line work.', 3500, 35),
-- Curl Up & Dye (Salon 2)
(5, 2, 'Women''s Haircut', 'Shampoo, cut, and blow-dry.', 6000, 60),
(6, 2, 'Full Color', 'Single-process hair color.', 8000, 90),
(7, 2, 'Highlights', 'Partial highlights for dimension.', 10000, 120),
(8, 2, 'Blowout Service', 'Professional blow-dry styling.', 4500, 45),
-- Hairitage (Salon 3)
(9, 3, 'Barber Haircut', 'Traditional barber haircut.', 3500, 40),
(10, 3, 'Buzz Cut', 'Single-guard all over.', 2000, 15),
(11, 3, 'Shape Up', 'Edge cleaning and shape maintenance.', 1200, 10),
-- The Mane Event (Salon 4)
(12, 4, 'Women''s Cut', 'Precision cut and styling.', 5500, 55),
(13, 4, 'Blowout', 'Shampoo and professional blowout.', 4500, 45),
(14, 4, 'Makeup Service', 'Professional makeup application.', 6000, 60),
-- Shear Luck (Salon 5)
(15, 5, 'Kids Cut', 'Haircut for children 10 and under.', 2500, 30),
(16, 5, 'Teen Haircut', 'Stylish haircut for teens.', 3000, 30),
-- The Hair Studio (Salon 6)
(17, 6, 'Luxury Cut', 'High-end haircut with consultation.', 8000, 75),
(18, 6, 'Color Treatment', 'Premium color with conditioning treatment.', 12000, 120),
(19, 6, 'Hair Spa', 'Deep conditioning and scalp treatment.', 7000, 60),
(20, 6, 'Extensions', 'Hair extension application and styling.', 20000, 180);

-- ========================
-- PRODUCTS
-- ========================
INSERT INTO `products` (`product_id`, `salon_id`, `name`, `description`, `price_cents`, `stock_quantity`) VALUES
-- The Cutting Edge (Salon 1)
(1, 1, 'Styling Gel', 'Strong hold styling gel for men.', 1800, 50),
(2, 1, 'Beard Oil', 'Nourishing oil for beards.', 2200, 30),
(3, 1, 'Beard Balm', 'Conditioning balm with light hold.', 2500, 25),
(4, 1, 'Aftershave Splash', 'Classic bay rum aftershave.', 1600, 40),
-- Curl Up & Dye (Salon 2)
(5, 2, 'Volumizing Shampoo', 'Adds volume and shine.', 2500, 40),
(6, 2, 'Hair Spray', 'Flexible hold hair spray.', 1600, 60),
(7, 2, 'Deep Conditioner', 'Intensive hydration treatment.', 3000, 35),
(8, 2, 'Hair Serum', 'Anti-frizz and shine serum.', 2800, 28),
-- Hairitage (Salon 3)
(9, 3, 'Pomade', 'High-shine pomade for styling.', 1900, 45),
(10, 3, 'Clipper Oil', 'Maintenance oil for clippers.', 1200, 60),
-- The Mane Event (Salon 4)
(12, 4, 'Texturizing Spray', 'Adds texture and grip to hair.', 2000, 50),
(13, 4, 'Dry Shampoo', 'Absorbs oil and adds volume.', 1800, 55),
-- Shear Luck (Salon 5)
(14, 5, 'Kids Shampoo', 'Gentle shampoo for children.', 1200, 40),
(15, 5, 'Hair Detangler', 'Easy-to-use detangler spray.', 1400, 35),
-- The Hair Studio (Salon 6)
(16, 6, 'Luxury Hair Oil', 'Premium argan and jojoba oil blend.', 4500, 20),
(17, 6, 'Color-Protect Shampoo', 'Maintains color vibrancy.', 3500, 32),
(18, 6, 'Hair Mask Treatment', 'Intensive repair mask.', 4000, 25),
(19, 6, 'Scalp Scrub', 'Exfoliating scalp treatment.', 3200, 28);

-- ========================
-- APPOINTMENTS (Extended - 100+ appointments with mixed statuses)
-- ========================
INSERT INTO `appointments` (`appointment_id`, `salon_id`, `staff_id`, `service_id`, `client_id`, `starts_at`, `ends_at`, `status`, `notes`) VALUES
-- Original appointments (1-24)
(1, 1, 1, 1, 14, '2025-11-01 10:00:00', '2025-11-01 10:30:00', 'completed', 'Client wants a #2 on the sides.'),
(2, 1, 7, 1, 15, '2025-11-01 11:00:00', '2025-11-01 11:30:00', 'completed', 'First time client. Very happy with results.'),
(3, 2, 2, 5, 16, '2025-11-02 13:00:00', '2025-11-02 14:00:00', 'completed', NULL),
(4, 1, 1, 2, 14, '2025-11-03 10:00:00', '2025-11-03 10:15:00', 'completed', 'Just a quick trim.'),
(5, 2, 2, 6, 17, '2025-11-04 14:00:00', '2025-11-04 15:30:00', 'completed', 'Full color treatment completed.'),
(6, 3, 3, 9, 18, '2025-11-05 11:00:00', '2025-11-05 11:40:00', 'completed', 'Client satisfied with fade.'),
(7, 1, 8, 1, 19, '2025-11-05 09:00:00', '2025-11-05 09:30:00', 'completed', 'Buzz cut with clean edges.'),
(8, 4, 12, 12, 20, '2025-11-06 15:00:00', '2025-11-06 15:55:00', 'completed', 'Layered cut requested.'),
(9, 2, 9, 5, 21, '2025-11-06 10:00:00', '2025-11-06 11:00:00', 'completed', 'Color correction performed.'),
(10, 6, 13, 17, 22, '2025-11-07 11:00:00', '2025-11-07 12:15:00', 'completed', 'Luxury cut with styling.'),
(11, 1, 1, 2, 14, '2025-11-12 10:00:00', '2025-11-12 10:15:00', 'booked', 'Beard trim appointment.'),
(12, 2, 2, 6, 23, '2025-11-13 14:00:00', '2025-11-13 15:30:00', 'booked', 'Highlight appointment.'),
(13, 3, 3, 10, 24, '2025-11-14 11:00:00', '2025-11-14 11:15:00', 'booked', 'Buzz cut requested.'),
(14, 1, 7, 1, 25, '2025-11-15 09:00:00', '2025-11-15 09:30:00', 'booked', 'Regular haircut.'),
(15, 4, 12, 13, 26, '2025-11-15 14:00:00', '2025-11-15 14:45:00', 'booked', 'Blowout service.'),
(16, 2, 2, 8, 27, '2025-11-16 16:00:00', '2025-11-16 16:45:00', 'booked', 'Blow-dry for evening event.'),
(17, 6, 13, 18, 28, '2025-11-17 10:00:00', '2025-11-17 12:00:00', 'booked', 'Premium color treatment.'),
(18, 3, 11, 9, 29, '2025-11-18 10:30:00', '2025-11-18 11:10:00', 'booked', 'Traditional barber cut.'),
(19, 5, 5, 16, 30, '2025-11-19 14:00:00', '2025-11-19 14:30:00', 'booked', 'Teen haircut.'),
(20, 1, 1, 4, 31, '2025-11-20 11:00:00', '2025-11-20 11:35:00', 'booked', 'Fade with line work.'),
(21, 1, 7, 1, 12, '2025-10-28 10:00:00', '2025-10-28 10:30:00', 'no-show', 'Client did not show up.'),
(22, 2, 9, 5, 13, '2025-10-29 15:00:00', '2025-10-29 16:00:00', 'no-show', NULL),
(23, 1, 8, 2, 12, '2025-10-20 14:00:00', '2025-10-20 14:15:00', 'cancelled', 'Client rescheduled.'),
(24, 4, 12, 14, 15, '2025-10-22 09:00:00', '2025-10-22 09:45:00', 'cancelled', 'Cancelled due to weather.'),
-- Extended appointments (25-80)
(25, 1, 15, 1, 33, '2025-10-15 10:00:00', '2025-10-15 10:30:00', 'completed', 'Regular client, prefers short fade.'),
(26, 2, 28, 5, 34, '2025-10-16 14:00:00', '2025-10-16 15:00:00', 'completed', 'Highlights touch-up.'),
(27, 3, 44, 9, 35, '2025-10-17 11:00:00', '2025-10-17 11:40:00', 'completed', 'New client, very satisfied.'),
(28, 1, 20, 1, 36, '2025-10-18 09:00:00', '2025-10-18 09:30:00', 'completed', 'Quick trim.'),
(29, 4, 60, 12, 37, '2025-10-19 15:00:00', '2025-10-19 15:55:00', 'completed', 'Layered cut.'),
(30, 2, 30, 5, 38, '2025-10-20 13:00:00', '2025-10-20 14:00:00', 'completed', 'Color refresh.'),
(31, 3, 47, 10, 39, '2025-10-21 10:00:00', '2025-10-21 10:15:00', 'completed', 'Buzz cut.'),
(32, 6, 82, 17, 40, '2025-10-22 11:00:00', '2025-10-22 12:15:00', 'completed', 'Luxury cut with styling.'),
(33, 1, 18, 4, 41, '2025-10-23 10:00:00', '2025-10-23 10:35:00', 'completed', 'Fade with design.'),
(34, 2, 31, 7, 42, '2025-10-24 14:00:00', '2025-10-24 15:45:00', 'completed', 'Full highlights.'),
(35, 3, 50, 11, 43, '2025-10-25 09:30:00', '2025-10-25 09:40:00', 'completed', 'Quick shape up.'),
(36, 4, 64, 12, 44, '2025-10-26 14:00:00', '2025-10-26 14:55:00', 'completed', 'Hair treatment.'),
(37, 1, 22, 2, 45, '2025-10-27 11:00:00', '2025-10-27 11:15:00', 'completed', 'Beard trim.'),
(38, 2, 35, 6, 46, '2025-10-28 15:00:00', '2025-10-28 16:30:00', 'completed', 'Full color.'),
(39, 6, 86, 19, 47, '2025-10-29 10:00:00', '2025-10-29 11:00:00', 'completed', 'Hair spa treatment.'),
(40, 1, 26, 3, 48, '2025-10-30 14:00:00', '2025-10-30 14:45:00', 'completed', 'Hot shave.'),
(41, 2, 39, 8, 49, '2025-10-31 16:00:00', '2025-10-31 16:45:00', 'completed', 'Blowout for event.'),
(42, 3, 54, 9, 50, '2025-11-01 08:30:00', '2025-11-01 09:10:00', 'completed', 'Standard barber cut.'),
(43, 4, 66, 13, 51, '2025-11-02 15:00:00', '2025-11-02 15:45:00', 'completed', 'Professional blowout.'),
(44, 1, 23, 4, 52, '2025-11-03 11:00:00', '2025-11-03 11:35:00', 'completed', 'Fade with line art.'),
(45, 2, 41, 7, 53, '2025-11-04 14:00:00', '2025-11-04 15:45:00', 'completed', 'Highlight maintenance.'),
(46, 6, 85, 18, 54, '2025-11-05 10:00:00', '2025-11-05 12:00:00', 'completed', 'Color treatment.'),
(47, 3, 52, 11, 55, '2025-11-05 09:30:00', '2025-11-05 09:40:00', 'completed', 'Shape up service.'),
(48, 1, 17, 1, 56, '2025-11-06 10:00:00', '2025-11-06 10:30:00', 'completed', 'Regular haircut.'),
(49, 4, 70, 12, 57, '2025-11-07 14:00:00', '2025-11-07 14:55:00', 'completed', 'Layered cut.'),
(50, 2, 32, 5, 58, '2025-11-07 13:00:00', '2025-11-07 14:00:00', 'completed', 'Women haircut.'),
-- Booked appointments (51-65)
(51, 1, 19, 2, 59, '2025-11-21 10:00:00', '2025-11-21 10:15:00', 'booked', 'Beard trim.'),
(52, 2, 36, 6, 60, '2025-11-22 14:00:00', '2025-11-22 15:30:00', 'booked', 'Full color.'),
(53, 3, 56, 10, 61, '2025-11-23 11:00:00', '2025-11-23 11:15:00', 'booked', 'Buzz cut.'),
(54, 1, 25, 1, 62, '2025-11-24 09:00:00', '2025-11-24 09:30:00', 'booked', 'Regular haircut.'),
(55, 4, 69, 13, 63, '2025-11-25 14:00:00', '2025-11-25 14:45:00', 'booked', 'Blowout.'),
(56, 6, 81, 20, 64, '2025-11-26 10:00:00', '2025-11-26 12:00:00', 'booked', 'Hair extensions.'),
(57, 2, 38, 8, 65, '2025-11-27 16:00:00', '2025-11-27 16:45:00', 'booked', 'Blowout for event.'),
(58, 1, 16, 1, 66, '2025-11-28 10:30:00', '2025-11-28 11:00:00', 'booked', 'Haircut.'),
(59, 3, 45, 9, 67, '2025-11-29 10:00:00', '2025-11-29 10:40:00', 'booked', 'Barber haircut.'),
(60, 4, 61, 14, 68, '2025-11-30 15:00:00', '2025-11-30 16:00:00', 'booked', 'Makeup service.'),
(61, 1, 21, 3, 69, '2025-12-01 14:00:00', '2025-12-01 14:45:00', 'booked', 'Hot shave.'),
(62, 2, 29, 5, 70, '2025-12-02 13:00:00', '2025-12-02 14:00:00', 'booked', 'Haircut.'),
(63, 6, 84, 17, 71, '2025-12-03 11:00:00', '2025-12-03 12:15:00', 'booked', 'Luxury cut.'),
(64, 3, 51, 9, 72, '2025-12-04 10:00:00', '2025-12-04 10:40:00', 'booked', 'Haircut.'),
(65, 1, 24, 4, 73, '2025-12-05 11:00:00', '2025-12-05 11:35:00', 'booked', 'Fade with line.'),
-- No-show appointments (66-75)
(66, 2, 33, 7, 74, '2025-10-10 14:00:00', '2025-10-10 15:45:00', 'no-show', 'Client no-show.'),
(67, 1, 15, 1, 75, '2025-10-11 10:00:00', '2025-10-11 10:30:00', 'no-show', NULL),
(68, 3, 48, 10, 76, '2025-10-12 11:00:00', '2025-10-12 11:15:00', 'no-show', 'Did not show up.'),
(69, 4, 62, 12, 77, '2025-10-13 15:00:00', '2025-10-13 15:55:00', 'no-show', NULL),
(70, 2, 40, 5, 78, '2025-10-14 13:00:00', '2025-10-14 14:00:00', 'no-show', 'Client no-show.'),
-- Cancelled appointments (71-80)
(71, 1, 20, 2, 79, '2025-09-15 10:00:00', '2025-09-15 10:15:00', 'cancelled', 'Client cancelled.'),
(72, 2, 28, 6, 80, '2025-09-16 14:00:00', '2025-09-16 15:30:00', 'cancelled', 'Rescheduled.'),
(73, 3, 47, 9, 81, '2025-09-17 11:00:00', '2025-09-17 11:40:00', 'cancelled', 'Emergency.'),
(74, 1, 18, 1, 82, '2025-09-18 09:00:00', '2025-09-18 09:30:00', 'cancelled', 'Client request.'),
(75, 4, 65, 12, 83, '2025-09-19 14:00:00', '2025-09-19 14:55:00', 'cancelled', 'Double booked.'),
(76, 6, 80, 19, 84, '2025-09-20 11:00:00', '2025-09-20 12:00:00', 'cancelled', 'Staff emergency.'),
(77, 1, 22, 3, 85, '2025-09-21 14:00:00', '2025-09-21 14:45:00', 'cancelled', 'Weather.'),
(78, 2, 35, 8, 86, '2025-09-22 16:00:00', '2025-09-22 16:45:00', 'cancelled', 'Client illness.'),
(79, 3, 54, 11, 87, '2025-09-23 09:30:00', '2025-09-23 09:40:00', 'cancelled', 'Rescheduled.'),
(80, 5, 73, 15, 88, '2025-09-24 14:00:00', '2025-09-24 14:30:00', 'cancelled', 'Client cancellation.');

-- ========================
-- REVIEWS (Extended - 50+ reviews)
-- ========================
INSERT INTO `reviews` (`review_id`, `salon_id`, `client_id`, `rating`, `comment`) VALUES
-- Original reviews 1-10 plus new ones
(11, 3, 33, 5, 'Excellent barber, very professional.'),
(12, 1, 34, 4, 'Great service, friendly staff.'),
(13, 2, 35, 5, 'Amazing colorist, highly recommend.'),
(14, 4, 36, 4, 'Good styling, will return.'),
(15, 1, 37, 5, 'Best barber in the area!'),
(16, 2, 38, 4, 'Nice salon, good prices.'),
(17, 6, 39, 5, 'Luxury experience, worth every penny.'),
(18, 1, 40, 3, 'Average service, bit rushed.'),
(19, 3, 41, 5, 'Professional, clean, excellent work.'),
(20, 2, 42, 4, 'Good colorist, listened to my requests.'),
(21, 1, 43, 5, 'Love my new haircut!'),
(22, 4, 44, 5, 'Perfect styling for special event.'),
(23, 6, 45, 4, 'Great service but a bit expensive.'),
(24, 3, 46, 4, 'Solid barber work.'),
(25, 2, 47, 5, 'Amazing blow-dry, looked perfect!'),
(26, 1, 48, 4, 'Good hot shave experience.'),
(27, 4, 49, 5, 'Excellent makeup application.'),
(28, 2, 50, 4, 'Nice salon environment.'),
(29, 6, 51, 5, 'Hair spa was incredibly relaxing.'),
(30, 1, 52, 5, 'Perfect fade work every time.'),
(31, 3, 53, 4, 'Quality haircut, professional.'),
(32, 2, 54, 5, 'Best color results I''ve had.'),
(33, 1, 55, 3, 'Decent but not exceptional.'),
(34, 4, 56, 5, 'Wonderful experience overall.'),
(35, 6, 57, 5, 'Luxury cuts always deliver.'),
(36, 1, 58, 4, 'Good barber, friendly.'),
(37, 2, 59, 5, 'Hair looks fabulous!'),
(38, 3, 60, 4, 'Professional service.'),
(39, 4, 61, 5, 'Perfect styling expertise.'),
(40, 2, 62, 4, 'Nice color work.');

-- ========================
-- REVIEW_REPLIES (Extended)
-- ========================
INSERT INTO `review_replies` (`reply_id`, `review_id`, `user_id`, `reply_text`) VALUES
-- Original replies 1-8 plus new ones
(9, 11, 8, 'Thank you for your kind words! We look forward to your next visit.'),
(10, 12, 6, 'We appreciate your business and feedback!'),
(11, 13, 7, 'Catherine thanks you! Please come back soon.'),
(12, 14, 9, 'Thank you for choosing us! Will see you next time.'),
(13, 15, 6, 'Glad you love your cut! See you soon.'),
(14, 16, 7, 'Thanks for the review! Competitive pricing with top quality.'),
(15, 17, 11, 'Luxury salon for luxury experiences. Thanks for coming!'),
(16, 18, 6, 'We appreciate the feedback. We''ll work on our timing.'),
(17, 19, 8, 'Professional service is our standard. Thank you!'),
(18, 20, 7, 'Great to hear! Thanks for trusting us with your color.'),
(19, 21, 6, 'Thrilled you love it! See you at your next appointment.'),
(20, 22, 9, 'Glad we could make your event special!'),
(21, 23, 11, 'Thank you! Luxury pricing reflects our premium service.'),
(22, 24, 8, 'Thanks for the kind words!'),
(23, 25, 7, 'We''re so glad! See you soon.'),
(24, 26, 6, 'Hot shave is our specialty. Thanks for the review!'),
(25, 27, 9, 'Makeup artistry is our passion. Thanks!'),
(26, 28, 7, 'Nice to hear! See you again soon.'),
(27, 29, 11, 'Hair spa therapy is incredibly popular. Thanks!'),
(28, 30, 6, 'Our fade expertise is unmatched. Thanks!'),
(29, 31, 8, 'Quality is our guarantee. Thanks!'),
(30, 32, 7, 'Color perfection every time. Thanks!');

-- ========================
-- NOTIFICATIONS (50+ notifications)
-- ========================
INSERT INTO `notifications` (`notification_id`, `user_id`, `appointment_id`, `title`, `message`, `notification_type`, `is_read`) VALUES
(1, 14, 1, 'Appointment Confirmed', 'Your appointment is confirmed for Nov 1 at 10:00 AM', 'appointment_confirmed', 1),
(2, 15, 2, 'Appointment Confirmed', 'Your appointment is confirmed for Nov 1 at 11:00 AM', 'appointment_confirmed', 1),
(3, 16, 3, 'Appointment Completed', 'Thank you for visiting us!', 'appointment_completed', 1),
(4, 33, 25, 'Appointment Confirmed', 'Your appointment is confirmed for Oct 15 at 10:00 AM', 'appointment_confirmed', 1),
(5, 34, 26, 'Appointment Completed', 'Your highlights look amazing!', 'appointment_completed', 1),
(6, 35, 27, 'Appointment Completed', 'We hope you loved your new look!', 'appointment_completed', 1),
(7, 36, 28, 'Appointment Confirmed', 'Your appointment is confirmed for Oct 18 at 09:00 AM', 'appointment_confirmed', 1),
(8, 37, 29, 'Appointment Completed', 'Thanks for choosing us!', 'appointment_completed', 1),
(9, 38, 30, 'Appointment Confirmed', 'Your appointment is confirmed for Oct 20 at 1:00 PM', 'appointment_confirmed', 1),
(10, 39, 31, 'Appointment Completed', 'Great session today!', 'appointment_completed', 1),
(11, 40, 32, 'Appointment Confirmed', 'Your appointment is confirmed for Oct 22 at 11:00 AM', 'appointment_confirmed', 0),
(12, 41, 33, 'Appointment Completed', 'Styling complete!', 'appointment_completed', 0),
(13, 42, 34, 'Appointment Confirmed', 'Your appointment is confirmed for Oct 24 at 2:00 PM', 'appointment_confirmed', 0),
(14, 43, 35, 'Appointment Completed', 'Perfect shape-up service!', 'appointment_completed', 0),
(15, 44, 36, 'Appointment Confirmed', 'Your appointment is confirmed for Oct 26 at 2:00 PM', 'appointment_confirmed', 1),
(16, 45, 37, 'Appointment Completed', 'Beard trim complete!', 'appointment_completed', 1),
(17, 46, 38, 'Appointment Confirmed', 'Your appointment is confirmed for Oct 28 at 3:00 PM', 'appointment_confirmed', 1),
(18, 47, 39, 'Appointment Completed', 'Hair spa therapy complete!', 'appointment_completed', 1),
(19, 48, 40, 'Appointment Confirmed', 'Your appointment is confirmed for Oct 30 at 2:00 PM', 'appointment_confirmed', 0),
(20, 49, 41, 'Appointment Completed', 'Blowout complete for your event!', 'appointment_completed', 0),
(21, 31, 11, 'Loyalty Points Earned', 'You earned 30 loyalty points!', 'loyalty_points_earned', 1),
(22, 32, 12, 'Loyalty Points Earned', 'You earned 100 loyalty points!', 'loyalty_points_earned', 1),
(23, 33, 25, 'Loyalty Points Earned', 'You earned 30 loyalty points!', 'loyalty_points_earned', 0),
(24, 34, 26, 'Loyalty Points Earned', 'You earned 60 loyalty points!', 'loyalty_points_earned', 0),
(25, 35, 27, 'Loyalty Points Earned', 'You earned 35 loyalty points!', 'loyalty_points_earned', 1),
(26, 14, 11, 'Appointment Confirmed', 'Beard trim confirmed for Nov 12', 'appointment_confirmed', 1),
(27, 23, 12, 'Appointment Confirmed', 'Highlight appointment confirmed for Nov 13', 'appointment_confirmed', 1),
(28, 24, 13, 'Appointment Confirmed', 'Buzz cut confirmed for Nov 14', 'appointment_confirmed', 0),
(29, 25, 14, 'Appointment Confirmed', 'Haircut confirmed for Nov 15', 'appointment_confirmed', 0),
(30, 26, 15, 'Appointment Confirmed', 'Blowout confirmed for Nov 15', 'appointment_confirmed', 1),
(31, 50, NULL, 'Discount Alert', 'Special 20% off on all services this weekend!', 'discount_alert', 1),
(32, 51, NULL, 'Discount Alert', 'Loyalty members: 15% off color services', 'discount_alert', 1),
(33, 52, NULL, 'Discount Alert', 'Free beard trim with haircut this month', 'discount_alert', 0),
(34, 53, NULL, 'Discount Alert', 'Buy one service, get 10% off next visit', 'discount_alert', 0),
(35, 54, NULL, 'Discount Alert', 'Senior discount available: 15% off all services', 'discount_alert', 1),
(36, 55, 51, 'Message Received', 'New message from The Cutting Edge salon', 'message_received', 1),
(37, 56, 52, 'Message Received', 'New message from Curl Up & Dye', 'message_received', 0),
(38, 57, 53, 'Message Received', 'New message about your upcoming appointment', 'message_received', 0),
(39, 58, 54, 'Message Received', 'Appointment reminder from The Hair Studio', 'message_received', 1),
(40, 59, 55, 'Appointment Rescheduled', 'Your appointment has been rescheduled', 'appointment_rescheduled', 1),
(41, 60, 56, 'Appointment Cancelled', 'Your appointment has been cancelled', 'appointment_cancelled', 1),
(42, 61, 57, 'Appointment Delayed', 'Your barber is running 15 minutes late', 'appointment_delayed', 0),
(43, 62, NULL, 'Loyalty Redeemed', 'You redeemed 1000 points for a free service!', 'loyalty_redeemed', 1),
(44, 63, 58, 'Loyalty Points Earned', 'You earned 50 loyalty points!', 'loyalty_points_earned', 0),
(45, 64, 59, 'Discount Alert', 'New promotional offer just for you!', 'discount_alert', 1),
(46, 65, 60, 'Message Received', 'Appointment confirmation message', 'message_received', 1),
(47, 66, 61, 'Appointment Confirmed', 'Appointment confirmed for next week', 'appointment_confirmed', 0),
(48, 67, 62, 'Loyalty Points Earned', 'You earned 35 loyalty points!', 'loyalty_points_earned', 0),
(49, 68, 63, 'Discount Alert', 'Members-only sale this weekend', 'discount_alert', 1),
(50, 69, 64, 'Appointment Completed', 'Thanks for visiting us today!', 'appointment_completed', 1);

-- ========================
-- MESSAGES (30+ messages)
-- ========================
INSERT INTO `messages` (`message_id`, `sender_id`, `recipient_id`, `salon_id`, `subject`, `body`, `is_read`) VALUES
(1, 6, 14, 1, 'Haircut Confirmation', 'Your haircut appointment on Nov 1 at 10:00 AM is confirmed. Please arrive 5 minutes early.', 1),
(2, 7, 16, 2, 'Color Service Reminder', 'Reminder: Your color service is scheduled for Nov 2 at 1:00 PM. See you soon!', 1),
(3, 8, 35, 3, 'Haircut Appointment', 'Your barber appointment is confirmed. Looking forward to seeing you!', 0),
(4, 9, 37, 4, 'Styling Appointment', 'Your appointment is confirmed for the date and time selected. Thanks!', 1),
(5, 11, 40, 6, 'Luxury Service Booking', 'Your luxury haircut is booked. We''ll provide an exceptional experience!', 1),
(6, 14, 6, 1, 'Question About Services', 'Do you offer beard conditioning treatments?', 0),
(7, 16, 7, 2, 'Color Maintenance Question', 'How often should I come in for color maintenance?', 1),
(8, 21, 7, 2, 'Thank You Message', 'Thanks so much for the amazing color correction work!', 1),
(9, 25, 6, 1, 'Special Request', 'Can I book an appointment with a specific barber?', 0),
(10, 27, 7, 2, 'Feedback', 'Wonderful styling for my special event. Highly recommend!', 1),
(11, 6, 33, 1, 'Appointment Confirmation', 'Your appointment on Oct 15 is confirmed.', 1),
(12, 7, 34, 2, 'Service Reminder', 'Reminder: Color service on Oct 16 at 2:00 PM.', 0),
(13, 8, 35, 3, 'Booking Confirmation', 'Barber appointment confirmed for Oct 17 at 11:00 AM.', 1),
(14, 9, 36, 4, 'Appointment Details', 'Your styling appointment details confirmed.', 1),
(15, 11, 39, 6, 'Luxury Experience', 'Booking confirmed for luxury services.', 0),
(16, 14, 6, 1, 'Cancellation Request', 'I need to reschedule my appointment to Oct 20.', 1),
(17, 16, 7, 2, 'Color Consultation', 'Can we discuss color options before my appointment?', 0),
(18, 38, 7, 2, 'Service Inquiry', 'Are there any new hair treatments available?', 1),
(19, 41, 6, 1, 'Beard Care Tips', 'Any recommendations for beard maintenance at home?', 1),
(20, 46, 7, 2, 'Styling Ideas', 'I want to try something new. What do you recommend?', 0),
(21, 6, 50, 1, 'Weekend Special', 'We''re offering 20% off this weekend! Book now.', 1),
(22, 7, 51, 2, 'Loyalty Bonus', 'Earn extra loyalty points on color services this week!', 1),
(23, 8, 52, 3, 'Promotion Alert', 'New customer special: Free beard trim with first cut!', 0),
(24, 9, 53, 4, 'Event Special', 'Special event pricing available. Contact us for details.', 1),
(25, 11, 54, 6, 'VIP Offer', 'Exclusive VIP offer for our loyal clients!', 1),
(26, 14, 7, 2, 'Cross-Salon Question', 'Do you have the same color products as The Cutting Edge?', 0),
(27, 21, 6, 1, 'Appointment Feedback', 'Great experience! Can I book again with the same barber?', 1),
(28, 35, 7, 2, 'Service Review', 'My color turned out perfect. Very happy!', 1),
(29, 42, 8, 3, 'Referral', 'I referred a friend to your salon. Hope they book soon!', 0),
(30, 55, 11, 6, 'Compliment', 'Your luxury haircut service is unmatched!', 1);

-- ========================
-- PRODUCT_PURCHASES (40+ purchases)
-- ========================
INSERT INTO `product_purchases` (`purchase_id`, `user_id`, `product_id`, `quantity`, `unit_price_cents`, `total_price_cents`, `order_status`) VALUES
(1, 14, 1, 2, 1800, 3600, 'delivered'),
(2, 15, 2, 1, 2200, 2200, 'delivered'),
(3, 16, 5, 1, 2500, 2500, 'delivered'),
(4, 17, 6, 2, 1600, 3200, 'delivered'),
(5, 18, 7, 1, 3000, 3000, 'delivered'),
(6, 19, 9, 1, 1900, 1900, 'delivered'),
(7, 20, 1, 1, 1800, 1800, 'shipped'),
(8, 21, 5, 2, 2500, 5000, 'shipped'),
(9, 22, 16, 1, 4500, 4500, 'confirmed'),
(10, 23, 2, 1, 2200, 2200, 'confirmed'),
(11, 24, 6, 1, 1600, 1600, 'pending'),
(12, 25, 8, 1, 2800, 2800, 'pending'),
(13, 26, 12, 2, 2000, 4000, 'pending'),
(14, 27, 5, 1, 2500, 2500, 'delivered'),
(15, 28, 16, 1, 4500, 4500, 'shipped'),
(16, 29, 3, 2, 2500, 5000, 'delivered'),
(17, 30, 14, 1, 1200, 1200, 'confirmed'),
(18, 31, 1, 1, 1800, 1800, 'pending'),
(19, 33, 1, 1, 1800, 1800, 'delivered'),
(20, 34, 7, 1, 3000, 3000, 'shipped'),
(21, 35, 5, 2, 2500, 5000, 'confirmed'),
(22, 36, 9, 1, 1900, 1900, 'pending'),
(23, 37, 12, 2, 2000, 4000, 'delivered'),
(24, 38, 16, 1, 4500, 4500, 'shipped'),
(25, 39, 2, 1, 2200, 2200, 'pending'),
(26, 40, 6, 1, 1600, 1600, 'delivered'),
(27, 41, 8, 1, 2800, 2800, 'confirmed'),
(28, 42, 1, 2, 1800, 3600, 'pending'),
(29, 43, 5, 1, 2500, 2500, 'shipped'),
(30, 44, 17, 1, 3500, 3500, 'delivered'),
(31, 45, 3, 1, 2500, 2500, 'confirmed'),
(32, 46, 7, 2, 3000, 6000, 'pending'),
(33, 47, 16, 1, 4500, 4500, 'delivered'),
(34, 48, 2, 1, 2200, 2200, 'shipped'),
(35, 49, 12, 1, 2000, 2000, 'pending'),
(36, 50, 1, 1, 1800, 1800, 'delivered'),
(37, 51, 6, 2, 1600, 3200, 'confirmed'),
(38, 52, 5, 1, 2500, 2500, 'pending'),
(39, 53, 8, 1, 2800, 2800, 'shipped'),
(40, 54, 16, 1, 4500, 4500, 'delivered');

-- ========================
-- LOYALTY_REDEMPTIONS (25+ redemptions)
-- ========================
INSERT INTO `loyalty_redemptions` (`redemption_id`, `user_id`, `points_redeemed`, `discount_code`, `discount_value_cents`, `is_used`, `redeemed_at`, `used_at`, `expires_at`) VALUES
(1, 14, 1000, 'LOYAL001', 3000, 1, '2025-10-01 10:00:00', '2025-10-15 14:30:00', '2025-12-01 23:59:59'),
(2, 15, 500, 'LOYAL002', 1500, 1, '2025-10-02 11:00:00', '2025-10-20 09:15:00', '2025-12-02 23:59:59'),
(3, 16, 800, 'LOYAL003', 2000, 0, '2025-10-03 14:00:00', NULL, '2025-12-03 23:59:59'),
(4, 17, 1200, 'LOYAL004', 4000, 0, '2025-10-04 09:30:00', NULL, '2025-12-04 23:59:59'),
(5, 19, 600, 'LOYAL005', 1800, 1, '2025-10-05 15:00:00', '2025-10-18 11:45:00', '2025-12-05 23:59:59'),
(6, 21, 1000, 'LOYAL006', 2500, 1, '2025-10-06 12:00:00', '2025-10-25 16:20:00', '2025-12-06 23:59:59'),
(7, 22, 1500, 'LOYAL007', 5000, 0, '2025-10-07 10:15:00', NULL, '2025-12-07 23:59:59'),
(8, 25, 700, 'LOYAL008', 2100, 1, '2025-10-08 13:30:00', '2025-10-22 10:00:00', '2025-12-08 23:59:59'),
(9, 27, 1000, 'LOYAL009', 3000, 0, '2025-10-09 11:00:00', NULL, '2025-12-09 23:59:59'),
(10, 28, 800, 'LOYAL010', 2000, 1, '2025-10-10 14:45:00', '2025-10-28 15:30:00', '2025-12-10 23:59:59'),
(11, 33, 900, 'LOYAL011', 2700, 0, '2025-10-11 09:00:00', NULL, '2025-12-11 23:59:59'),
(12, 35, 1100, 'LOYAL012', 3300, 1, '2025-10-12 12:30:00', '2025-10-26 14:15:00', '2025-12-12 23:59:59'),
(13, 37, 750, 'LOYAL013', 2250, 0, '2025-10-13 10:45:00', NULL, '2025-12-13 23:59:59'),
(14, 40, 1000, 'LOYAL014', 3000, 1, '2025-10-14 15:00:00', '2025-10-29 11:20:00', '2025-12-14 23:59:59'),
(15, 42, 850, 'LOYAL015', 2550, 0, '2025-10-15 13:15:00', NULL, '2025-12-15 23:59:59'),
(16, 45, 1200, 'LOYAL016', 3600, 1, '2025-10-16 11:30:00', '2025-10-30 09:45:00', '2025-12-16 23:59:59'),
(17, 48, 950, 'LOYAL017', 2850, 0, '2025-10-17 14:00:00', NULL, '2025-12-17 23:59:59'),
(18, 50, 1000, 'LOYAL018', 3000, 1, '2025-10-18 10:00:00', '2025-11-01 13:30:00', '2025-12-18 23:59:59'),
(19, 53, 1100, 'LOYAL019', 3300, 0, '2025-10-19 12:45:00', NULL, '2025-12-19 23:59:59'),
(20, 55, 750, 'LOYAL020', 2250, 1, '2025-10-20 09:30:00', '2025-11-02 10:15:00', '2025-12-20 23:59:59'),
(21, 58, 900, 'LOYAL021', 2700, 0, '2025-10-21 15:00:00', NULL, '2025-12-21 23:59:59'),
(22, 60, 1200, 'LOYAL022', 3600, 1, '2025-10-22 11:00:00', '2025-11-05 14:45:00', '2025-12-22 23:59:59'),
(23, 63, 800, 'LOYAL023', 2400, 0, '2025-10-23 13:30:00', NULL, '2025-12-23 23:59:59'),
(24, 65, 1000, 'LOYAL024', 3000, 1, '2025-10-24 10:15:00', '2025-11-07 11:20:00', '2025-12-24 23:59:59'),
(25, 68, 950, 'LOYAL025', 2850, 0, '2025-10-25 14:00:00', NULL, '2025-12-25 23:59:59');

-- ========================
-- DISCOUNT_ALERTS (30+ alerts)
-- ========================
INSERT INTO `discount_alerts` (`alert_id`, `user_id`, `salon_id`, `discount_percentage`, `discount_cents`, `description`, `is_read`, `is_dismissed`, `created_at`, `expires_at`) VALUES
(1, 14, 1, 20, 6000, 'Fall Special: 20% off all services at The Cutting Edge', 0, 0, '2025-10-15 10:00:00', '2025-11-15 23:59:59'),
(2, 15, 1, 15, 4500, 'Loyalty Bonus: 15% off for returning clients', 1, 0, '2025-10-16 11:00:00', '2025-11-16 23:59:59'),
(3, 16, 2, 25, 10000, 'Super Sale: 25% off color services', 0, 1, '2025-10-17 09:00:00', '2025-11-17 23:59:59'),
(4, 17, 2, 10, 3000, 'First Time Discount: 10% off first visit', 1, 0, '2025-10-18 14:00:00', '2025-11-18 23:59:59'),
(5, 18, 3, 15, 5250, 'Barber Bash: 15% off all cuts', 0, 0, '2025-10-19 12:00:00', '2025-11-19 23:59:59'),
(6, 19, 1, 20, 6000, 'Member Appreciation: 20% off', 1, 0, '2025-10-20 10:30:00', '2025-11-20 23:59:59'),
(7, 20, 4, 15, 6600, 'Winter Promotion: 15% off services', 0, 0, '2025-10-21 11:15:00', '2025-11-21 23:59:59'),
(8, 21, 2, 10, 3000, 'Referral Bonus: 10% off with friend referral', 1, 1, '2025-10-22 13:00:00', '2025-11-22 23:59:59'),
(9, 22, 6, 30, 12000, 'Luxury Discount: 30% off first luxury service', 0, 0, '2025-10-23 09:30:00', '2025-11-23 23:59:59'),
(10, 23, 1, 15, 4500, 'Customer Appreciation: 15% off', 1, 0, '2025-10-24 14:45:00', '2025-11-24 23:59:59'),
(11, 24, 2, 20, 6000, 'November Special: 20% off color', 0, 0, '2025-10-25 10:00:00', '2025-11-25 23:59:59'),
(12, 25, 3, 10, 3500, 'Buzz Cut Special: 10% off buzz cuts', 1, 0, '2025-10-26 11:30:00', '2025-11-26 23:59:59'),
(13, 26, 4, 15, 6600, 'Styling Special: 15% off styling', 0, 1, '2025-10-27 12:00:00', '2025-11-27 23:59:59'),
(14, 27, 2, 25, 7500, 'Grand Opening: 25% off all services', 1, 0, '2025-10-28 09:15:00', '2025-11-28 23:59:59'),
(15, 28, 6, 20, 8000, 'VIP Offer: 20% off luxury services', 0, 0, '2025-10-29 13:30:00', '2025-11-29 23:59:59'),
(16, 31, 1, 15, 4500, 'Holiday Promotion: 15% off', 1, 0, '2025-10-30 10:45:00', '2025-11-30 23:59:59'),
(17, 33, 1, 10, 3000, 'Welcome Discount: 10% off first service', 0, 0, '2025-10-31 11:00:00', '2025-12-01 23:59:59'),
(18, 34, 2, 20, 6000, 'Seasonal Sale: 20% off', 1, 0, '2025-11-01 09:00:00', '2025-12-02 23:59:59'),
(19, 35, 3, 15, 5250, 'Flash Sale: 15% off this weekend', 0, 1, '2025-11-02 14:30:00', '2025-12-03 23:59:59'),
(20, 36, 4, 25, 11000, 'Mega Sale: 25% off all services', 1, 0, '2025-11-03 10:15:00', '2025-12-04 23:59:59'),
(21, 37, 1, 10, 3000, 'Member Exclusive: 10% off', 0, 0, '2025-11-04 12:00:00', '2025-12-05 23:59:59'),
(22, 38, 2, 15, 4500, 'Color Day Special: 15% off color', 1, 0, '2025-11-05 11:30:00', '2025-12-06 23:59:59'),
(23, 39, 6, 30, 12000, 'Luxury Month: 30% off select services', 0, 0, '2025-11-06 13:45:00', '2025-12-07 23:59:59'),
(24, 40, 3, 20, 7000, 'Barber Special: 20% off all cuts', 1, 1, '2025-11-07 09:30:00', '2025-12-08 23:59:59'),
(25, 41, 1, 15, 4500, 'Friendship Discount: 15% off with friend', 0, 0, '2025-11-08 14:00:00', '2025-12-09 23:59:59'),
(26, 42, 4, 10, 4400, 'First Visit: 10% off', 1, 0, '2025-11-09 10:30:00', '2025-12-10 23:59:59'),
(27, 43, 2, 20, 6000, 'Loyalty Rewards: 20% off', 0, 0, '2025-11-10 12:15:00', '2025-12-11 23:59:59'),
(28, 44, 6, 25, 10000, 'Premium Service: 25% off', 1, 0, '2025-11-11 11:00:00', '2025-12-12 23:59:59'),
(29, 45, 1, 15, 4500, 'Thank You: 15% off next visit', 0, 1, '2025-11-12 13:30:00', '2025-12-13 23:59:59'),
(30, 46, 3, 10, 3500, 'Returning Client: 10% off', 1, 0, '2025-11-13 09:45:00', '2025-12-14 23:59:59');

-- ========================
-- APPOINTMENT_MEMOS (30+ memos)
-- ========================
INSERT INTO `appointment_memos` (`memo_id`, `appointment_id`, `vendor_id`, `content`) VALUES
(1, 1, 6, 'Client prefers #2 fade on sides, keep length on top. Friendly regular.'),
(2, 2, 6, 'First time client very satisfied. Prefers clean edges.'),
(3, 3, 7, 'Full color touch-up completed. Client loves the shade.'),
(4, 4, 6, 'Quick trim, regular maintenance visit.'),
(5, 5, 7, 'Full color treatment. Client specific shade preference noted.'),
(6, 6, 8, 'Fade haircut. Client satisfied with precision work.'),
(7, 7, 8, 'Buzz cut with clean edges. Client was happy.'),
(8, 8, 9, 'Layered cut for styling flexibility. Client requested.'),
(9, 9, 7, 'Color correction performed successfully.'),
(10, 10, 11, 'Luxury cut with premium styling service provided.'),
(11, 11, 6, 'Beard trim appointment. Regular client.'),
(12, 12, 7, 'Highlight appointment. Different color scheme requested.'),
(13, 13, 8, 'Buzz cut with fresh design. New client.'),
(14, 14, 6, 'Regular haircut. Client mentioned vacation soon.'),
(15, 15, 9, 'Blowout service for evening styling. Client satisfied.'),
(16, 16, 7, 'Blow-dry for special event. Client very happy.'),
(17, 17, 11, 'Premium color treatment. Long session scheduled.'),
(18, 18, 8, 'Traditional barber cut. New client interested.'),
(19, 19, 10, 'Teen haircut. Client wants trendy style.'),
(20, 20, 6, 'Fade with line work. Design was complex but turned out great.'),
(21, 25, 6, 'Regular client, standard fade with line work.'),
(22, 26, 7, 'Highlights touch-up. Keeps the salon natural looking.'),
(23, 27, 8, 'Barber cut for first time client. Very satisfied.'),
(24, 28, 6, 'Maintenance trim. Client prefers this style.'),
(25, 29, 9, 'Layered styling for hair flexibility.'),
(26, 30, 7, 'Color refresh. Client wants vibrant shade.'),
(27, 31, 8, 'Shape up and edge cleaning. Quick service.'),
(28, 32, 11, 'Luxury cut with consultation provided.'),
(29, 33, 6, 'Fade with design work. Intricate pattern requested.'),
(30, 34, 7, 'Full highlights service. Client got desired results.');



-- ========================
-- REVIEWS
-- ========================
INSERT INTO `reviews` (`review_id`, `salon_id`, `client_id`, `rating`, `comment`) VALUES
(1, 1, 14, 5, 'Great haircut, very professional! Will definitely come back.'),
(2, 1, 15, 4, 'Good service, but the wait was a bit long. Still worth it though.'),
(3, 2, 16, 5, 'Loved my haircut! Catherine is the best colorist in the city.'),
(4, 1, 19, 5, 'Amazing experience. Clean salon and skilled barber.'),
(5, 2, 21, 4, 'Good work on the color correction. Very professional team.'),
(6, 3, 18, 4, 'Solid barber work. Will be back for my next cut.'),
(7, 4, 20, 5, 'Perfect blowout! She really knows her stuff.'),
(8, 6, 22, 5, 'Luxury experience at a great price. Highly recommend!'),
(9, 1, 25, 3, 'Decent haircut but a bit pricey for what I got.'),
(10, 2, 27, 5, 'Exceptional styling for my event. Looked amazing!');

-- ========================
-- REVIEW_REPLIES
-- ========================
INSERT INTO `review_replies` (`reply_id`, `review_id`, `user_id`, `reply_text`) VALUES
(1, 1, 6, 'Thank you so much! Glad you enjoyed it. See you next time!'),
(2, 2, 6, 'Apologies for the wait, we were short-staffed that day. We appreciate the feedback and will work on improving our scheduling!'),
(3, 3, 7, 'Catherine says thank you! We look forward to seeing you again soon.'),
(4, 4, 8, 'Thanks for the review! We pride ourselves on cleanliness and skill. Excited to see you at your next appointment.'),
(5, 5, 7, 'Glad the color correction turned out great! Our team is dedicated to making you happy.'),
(6, 7, 9, 'Thank you for choosing The Mane Event! We''ll see you soon.'),
(7, 8, 11, 'We appreciate the high rating! Our team works hard to provide the best experience possible.'),
(8, 10, 7, 'So happy we could help make your event special! Hope to see you again.');

-- ========================
-- LOYALTY_PROGRAMS
-- ========================
INSERT INTO `loyalty_programs` (`program_id`, `salon_id`, `points_per_dollar`, `reward_description`, `is_active`) VALUES
(1, 1, 10, '1000 points = Free Beard Trim', 1),
(2, 2, 5, '5000 points = 50% off Full Color', 1),
(3, 3, 8, '800 points = Free Buzz Cut', 1),
(4, 4, 7, '700 points = Free Blowout Service', 1),
(5, 6, 12, '1200 points = Free Luxury Haircut', 1);

-- ========================
-- CLIENT_LOYALTY
-- ========================
INSERT INTO `client_loyalty` (`salon_id`, `client_id`, `points_balance`) VALUES
(1, 14, 300),
(1, 15, 150),
(1, 19, 250),
(1, 25, 100),
(2, 16, 300),
(2, 17, 500),
(2, 21, 350),
(2, 27, 400),
(3, 18, 240),
(3, 24, 160),
(4, 20, 315),
(4, 26, 280),
(6, 22, 960),
(6, 28, 720),
(1, 33, 450),
(1, 36, 200),
(1, 41, 600),
(1, 48, 350),
(1, 55, 500),
(2, 34, 320),
(2, 38, 250),
(2, 43, 400),
(2, 50, 380),
(2, 57, 550),
(3, 35, 280),
(3, 39, 200),
(3, 44, 350),
(3, 51, 300),
(3, 58, 420),
(4, 37, 500),
(4, 40, 450),
(4, 45, 600),
(4, 52, 380),
(4, 59, 480),
(5, 47, 250),
(5, 53, 300),
(5, 60, 350),
(5, 63, 280),
(6, 49, 920),
(6, 54, 880),
(6, 61, 1200),
(6, 65, 750);

-- ========================
-- PAYMENT_METHODS
-- ========================
INSERT INTO `payment_methods` (`payment_method_id`, `user_id`, `card_holder_name`, `card_number_last_four`, `card_brand`, `expiry_month`, `expiry_year`, `is_default`) VALUES
(1, 14, 'Chris Client', '4242', 'Visa', 12, 2026, 1),
(2, 14, 'Chris Client', '1111', 'MasterCard', 6, 2025, 0),
(3, 15, 'Christina Client', '5555', 'MasterCard', 3, 2027, 1),
(4, 16, 'Cody Client', '3782', 'American Express', 9, 2026, 1),
(5, 17, 'Chelsea Client', '6011', 'Discover', 11, 2025, 1),
(6, 18, 'Connor Client', '4012', 'Visa', 8, 2027, 1),
(7, 19, 'Chloe Client', '3530', 'JCB', 2, 2026, 0),
(8, 20, 'Caleb Client', '5200', 'MasterCard', 10, 2025, 1),
(9, 21, 'Claire Client', '3782', 'American Express', 5, 2027, 1),
(10, 22, 'Daniel Client', '4916', 'Visa', 7, 2026, 1),
(11, 23, 'Danielle Client', '5105', 'MasterCard', 4, 2025, 1),
(12, 24, 'Derek Client', '3100', 'American Express', 9, 2026, 1),
(13, 25, 'Destiny Client', '1117', 'Discover', 12, 2025, 1),
(14, 26, 'Ethan Client', '3100', 'JCB', 6, 2027, 1),
(15, 27, 'Eva Client', '4444', 'MasterCard', 8, 2026, 1);

-- ========================
-- FAVORITE_SALONS
-- ========================
INSERT INTO `favorite_salons` (`user_id`, `salon_id`) VALUES
(14, 1),
(14, 2),
(15, 1),
(16, 2),
(17, 2),
(18, 3),
(19, 1),
(20, 4),
(21, 2),
(22, 6),
(23, 2),
(24, 3),
(25, 1),
(26, 4),
(27, 2),
(28, 6),
(29, 3),
(30, 5),
(31, 1);

-- ========================
-- TRANSACTIONS
-- ========================
INSERT INTO `transactions` (`transaction_id`, `user_id`, `appointment_id`, `payment_method_id`, `amount_cents`, `status`, `transaction_date`) VALUES
(1, 14, 1, 1, 3000, 'completed', '2025-11-01 10:35:00'),
(2, 15, 2, 3, 3000, 'completed', '2025-11-01 11:35:00'),
(3, 16, 3, 4, 6000, 'completed', '2025-11-02 14:05:00'),
(4, 14, 4, 1, 1500, 'completed', '2025-11-03 10:20:00'),
(5, 17, 5, 5, 8000, 'completed', '2025-11-04 15:35:00'),
(6, 18, 6, 6, 4000, 'completed', '2025-11-05 11:45:00'),
(7, 19, 7, 7, 3000, 'completed', '2025-11-05 09:35:00'),
(8, 20, 8, 8, 4500, 'completed', '2025-11-06 15:59:00'),
(9, 21, 9, 9, 6000, 'completed', '2025-11-06 11:05:00'),
(10, 22, 10, 10, 8000, 'completed', '2025-11-07 12:20:00'),
(11, 14, 11, 1, 1500, 'pending', '2025-11-12 10:15:00'),
(12, 23, 12, 11, 10000, 'pending', '2025-11-13 14:30:00'),
(13, 24, 13, 12, 2000, 'pending', '2025-11-14 11:15:00'),
(14, 25, 14, 13, 3000, 'pending', '2025-11-15 09:30:00'),
(15, 26, 15, 14, 4500, 'pending', '2025-11-15 14:45:00'),
(16, 27, 16, 15, 4500, 'pending', '2025-11-16 16:45:00'),
(17, 28, 17, 11, 12000, 'pending', '2025-11-17 10:00:00'),
(18, 29, 18, 12, 4000, 'pending', '2025-11-18 10:30:00'),
(19, 30, 19, 13, 3000, 'pending', '2025-11-19 14:00:00'),
(20, 31, 20, 14, 3500, 'pending', '2025-11-20 11:00:00'),
(21, 33, 25, 1, 3000, 'completed', '2025-10-15 10:45:00'),
(22, 34, 26, 2, 6000, 'completed', '2025-10-16 14:30:00'),
(23, 35, 27, 3, 4000, 'completed', '2025-10-17 11:45:00'),
(24, 36, 28, 4, 3000, 'completed', '2025-10-18 09:45:00'),
(25, 37, 29, 5, 7000, 'completed', '2025-10-19 15:30:00'),
(26, 38, 30, 1, 6000, 'completed', '2025-10-20 13:45:00'),
(27, 39, 31, 2, 2000, 'completed', '2025-10-21 10:45:00'),
(28, 40, 32, 3, 10000, 'completed', '2025-10-22 12:15:00'),
(29, 41, 33, 4, 3500, 'completed', '2025-10-23 10:45:00'),
(30, 42, 34, 5, 9000, 'completed', '2025-10-24 15:15:00'),
(31, 43, 35, 1, 2000, 'completed', '2025-10-25 09:45:00'),
(32, 44, 36, 2, 8000, 'completed', '2025-10-26 14:30:00'),
(33, 45, 37, 3, 2500, 'completed', '2025-10-27 14:45:00'),
(34, 46, 38, 4, 7500, 'completed', '2025-10-28 16:15:00'),
(35, 47, 39, 5, 12000, 'completed', '2025-10-29 11:30:00'),
(36, 48, 40, 1, 4500, 'completed', '2025-10-30 14:15:00'),
(37, 49, 41, 2, 8500, 'completed', '2025-10-31 16:45:00'),
(38, 50, 42, 3, 3000, 'completed', '2025-11-01 09:15:00'),
(39, 51, 43, 4, 7500, 'completed', '2025-11-02 15:45:00'),
(40, 52, 44, 5, 5500, 'completed', '2025-11-03 11:45:00'),
(41, 53, 45, 1, 3000, 'completed', '2025-11-04 10:30:00'),
(42, 54, 46, 2, 12000, 'completed', '2025-11-05 10:15:00'),
(43, 55, 47, 3, 2000, 'completed', '2025-11-05 09:45:00'),
(44, 56, 48, 4, 3000, 'completed', '2025-11-06 11:15:00'),
(45, 57, 49, 5, 8000, 'completed', '2025-11-07 14:45:00'),
(46, 58, 50, 1, 6000, 'completed', '2025-11-07 13:45:00'),
(47, 59, 51, 2, 2500, 'pending', '2025-11-21 10:30:00'),
(48, 60, 52, 3, 12000, 'pending', '2025-11-22 14:15:00'),
(49, 61, 53, 4, 2000, 'pending', '2025-11-23 11:30:00'),
(50, 62, 54, 5, 3000, 'pending', '2025-11-24 09:30:00'),
(51, 63, 55, 1, 8000, 'pending', '2025-11-25 14:15:00'),
(52, 64, 56, 2, 10000, 'pending', '2025-11-26 10:30:00'),
(53, 65, 57, 3, 6000, 'pending', '2025-11-27 16:30:00'),
(54, 66, 58, 4, 3000, 'pending', '2025-11-28 11:00:00'),
(55, 67, 59, 5, 4000, 'pending', '2025-11-29 10:45:00'),
(56, 68, 60, 1, 7500, 'pending', '2025-11-30 15:30:00'),
(57, 69, 61, 2, 4500, 'completed', '2025-12-01 14:45:00'),
(58, 70, 62, 3, 6000, 'completed', '2025-12-02 13:45:00'),
(59, 71, 63, 4, 10000, 'completed', '2025-12-03 11:45:00'),
(60, 72, 64, 5, 2000, 'completed', '2025-12-04 10:45:00'),
(61, 73, 65, 1, 3500, 'completed', '2025-12-05 11:45:00'),
(62, 74, 25, 2, 3000, 'completed', '2025-10-15 11:00:00'),
(63, 75, 26, 3, 6000, 'completed', '2025-10-16 14:45:00'),
(64, 76, 27, 4, 4000, 'completed', '2025-10-17 12:00:00'),
(65, 77, 28, 5, 3000, 'completed', '2025-10-18 10:00:00'),
(66, 78, 29, 1, 7000, 'completed', '2025-10-19 16:00:00'),
(67, 79, 30, 2, 6000, 'completed', '2025-10-20 14:00:00'),
(68, 80, 31, 3, 2000, 'completed', '2025-10-21 11:00:00'),
(69, 31, 32, 4, 10000, 'completed', '2025-10-22 12:45:00'),
(70, 32, 33, 5, 3500, 'completed', '2025-10-23 11:00:00'),
(71, 33, 34, 1, 9000, 'completed', '2025-10-24 15:45:00'),
(72, 34, 35, 2, 2000, 'completed', '2025-10-25 10:00:00'),
(73, 35, 36, 3, 8000, 'completed', '2025-10-26 15:00:00'),
(74, 36, 37, 4, 2500, 'completed', '2025-10-27 15:00:00'),
(75, 37, 38, 5, 7500, 'completed', '2025-10-28 16:45:00'),
(76, 38, 39, 1, 12000, 'completed', '2025-10-29 12:00:00'),
(77, 39, 40, 2, 4500, 'completed', '2025-10-30 14:45:00'),
(78, 40, 41, 3, 8500, 'completed', '2025-10-31 17:00:00'),
(79, 41, 42, 4, 3000, 'completed', '2025-11-01 09:30:00'),
(80, 42, 43, 5, 7500, 'completed', '2025-11-02 16:00:00');

-- ========================
-- STAFF_RATINGS
-- ========================
INSERT INTO `staff_ratings` (`rating_id`, `staff_id`, `client_id`, `rating`, `comment`) VALUES
(1, 1, 14, 5, 'Excellent barber! Very skilled with the clippers.'),
(2, 7, 15, 5, 'Great haircut and friendly service.'),
(3, 2, 16, 5, 'Amazing colorist! My highlights look perfect.'),
(4, 1, 19, 4, 'Good work, nice person.'),
(5, 9, 21, 5, 'Catherine is wonderful! Best colorist around.'),
(6, 3, 18, 4, 'Solid barber, knows what he''s doing.'),
(7, 12, 20, 5, 'Perfect blowout service! Very talented.'),
(8, 13, 22, 5, 'Exceptional stylist! Highly recommend her.'),
(9, 7, 25, 3, 'Decent cut, but could be better.'),
(10, 11, 29, 5, 'Professional barber, very clean salon.'),
(11, 14, 28, 5, 'Best blow-dry specialist in the city!'),
(12, 1, 31, 4, 'Good fade work, will return.'),
(13, 15, 33, 5, 'Staff member 15 is excellent!'),
(14, 18, 34, 4, 'Very nice haircut.'),
(15, 20, 35, 5, 'Phenomenal barber skills.'),
(16, 23, 36, 5, 'Great service, would recommend.'),
(17, 26, 37, 4, 'Solid professional work.'),
(18, 28, 38, 5, 'Best colorist ever!'),
(19, 30, 39, 5, 'Amazing hair styling.'),
(20, 32, 40, 4, 'Good but a bit expensive.'),
(21, 35, 41, 5, 'Perfect color application.'),
(22, 38, 42, 5, 'Wonderful blow-dry styling.'),
(23, 41, 43, 4, 'Professional and attentive.'),
(24, 44, 44, 5, 'Top-notch barber work.'),
(25, 47, 45, 5, 'Excellent haircut, great chat.'),
(26, 50, 46, 4, 'Good service, friendly staff.'),
(27, 52, 47, 5, 'Amazing styling for my event.'),
(28, 54, 48, 5, 'Fantastic barber!'),
(29, 56, 49, 4, 'Very competent hair specialist.'),
(30, 60, 50, 5, 'Outstanding service quality.'),
(31, 62, 51, 5, 'Wonderful blowout experience.'),
(32, 64, 52, 4, 'Great layered cut.'),
(33, 66, 53, 5, 'Top professional!'),
(34, 69, 54, 5, 'Excellent expertise.'),
(35, 72, 55, 4, 'Good service, nice salon.'),
(36, 74, 56, 5, 'Fantastic haircut!'),
(37, 80, 57, 5, 'Luxury cut exceeded expectations.'),
(38, 82, 58, 5, 'Amazing premium service.'),
(39, 84, 59, 4, 'Professional and skilled.'),
(40, 86, 60, 5, 'Wonderful hair spa!'),
(41, 17, 61, 5, 'Great staff member.'),
(42, 19, 62, 5, 'Excellent work!'),
(43, 21, 63, 4, 'Very good service.'),
(44, 24, 64, 5, 'Outstanding professional.'),
(45, 27, 65, 5, 'Amazing stylist!'),
(46, 29, 66, 4, 'Skilled and friendly.'),
(47, 33, 67, 5, 'Perfect haircut.'),
(48, 36, 68, 5, 'Excellent service.'),
(49, 39, 69, 4, 'Great blow-dry.'),
(50, 43, 70, 5, 'Outstanding barber.');

-- ========================
-- AUDIT_LOG
-- ========================
INSERT INTO `audit_log` (`user_id`, `action`, `table_name`, `record_id`, `details`) VALUES
(1, 'UPDATE', 'salons', 3, '{"before": {"verification_status": "pending"}, "after": {"verification_status": "approved"}}'),
(6, 'INSERT', 'services', 1, '{"new_data": {"name": "Men''s Haircut", "price_cents": 3000}}'),
(2, 'DELETE', 'reviews', 4, '{"deleted_data": {"rating": 1, "review_text": "Spam comment removed."}}'),
(1, 'UPDATE', 'salons', 5, '{"before": {"verification_status": "rejected"}, "after": {"verification_status": "pending"}}'),
(7, 'INSERT', 'services', 5, '{"new_data": {"name": "Women''s Haircut", "price_cents": 6000}}'),
(3, 'UPDATE', 'users', 8, '{"before": {"name": "Valerie Vendor"}, "after": {"name": "Valerie V"}}'),
(1, 'INSERT', 'salons', 6, '{"new_data": {"name": "The Hair Studio", "vendor_id": 11}}'),
(5, 'UPDATE', 'loyalty_programs', 1, '{"before": {"points_per_dollar": 10}, "after": {"points_per_dollar": 12}}'),
(1, 'DELETE', 'appointments', 25, '{"deleted_data": {"appointment_id": 25, "status": "cancelled"}}'),
(9, 'INSERT', 'staff', 14, '{"new_data": {"salon_id": 6, "user_id": 19, "title": "Blow-Dry Specialist"}}');